influencer_id,influencer_main_genre,influencer_active_start
759491,14,1980
25462,8,1990
66915,14,1960
71209,14,1950
91438,14,1980
113823,14,1970
132710,14,1980
208582,14,1960
378288,8,1980
397880,14,1970
489999,14,1970
492331,14,1970
615119,14,1970
651107,14,1960
747445,14,1970
755156,14,1980
838272,14,1970
895136,14,1980
899530,14,1980
960690,14,1970
988638,14,1960
75264,14,1970
91650,14,1970
112789,14,1990
134729,14,1980
175775,16,1980
295756,14,1960
359326,14,1990
446509,14,1980
485135,14,1990
579839,14,1980
741746,14,1980
789064,14,1980
790820,14,1990
796045,14,1970
806829,14,1980
825087,14,1980
863790,14,1990
883318,14,1980
151290,11,1970
286662,6,1960
748421,14,1980
5953,14,1960
12654,5,1980
59537,14,1960
61938,14,1960
81493,14,1970
84209,14,1970
130932,14,1960
139026,14,1960
182598,14,1960
187581,15,1960
200968,14,1960
349157,14,1980
354105,14,1960
379125,14,1960
390390,15,1950
485791,14,1970
490004,14,1970
503913,14,1960
562304,14,1960
574772,14,1970
604852,14,1970
623985,14,1960
754032,14,1960
771438,14,1960
772567,14,1960
840402,14,1960
8828,14,1990
81403,14,1970
546214,14,1980
628467,14,1990
13384,6,1970
19241,6,1970
65397,6,1960
86312,6,1980
99753,6,1960
136640,6,1960
175286,6,1950
210512,6,1970
234325,6,1960
409954,6,1940
749175,6,1950
804289,6,1960
50493,14,1990
96977,14,1990
97325,14,1980
219966,14,1990
561105,14,1990
607053,14,1990
1528006,4,1930
559405,12,1990
156886,11,1970
112017,20,1930
203804,5,1950
588679,9,1950
744548,5,1930
38936,14,1950
41874,14,1960
249175,7,1940
639397,12,1960
642542,14,1950
765585,12,1960
781837,12,1950
785283,10,1950
792507,20,1930
798543,12,1960
183867,4,1930
346336,14,1960
423829,11,1940
750519,1,1960
840102,14,1960
988440,14,1960
133969,14,1970
7689,15,1990
160690,15,1990
208774,15,1970
262255,15,1980
319347,15,1990
376204,15,1990
802302,15,1960
820434,15,1980
112462,14,1960
176936,2,1930
187478,14,1960
192382,14,1960
240865,14,1960
255371,14,1960
489303,14,1960
824599,2,1940
831381,14,1960
894465,14,1960
18977,14,1970
19297,14,1970
297894,14,1960
517607,14,2000
583618,14,1990
626463,14,1990
859509,14,1990
101895,15,1990
239859,4,1940
304458,18,1930
649950,14,1950
691807,18,1950
178014,16,1960
246768,16,1950
295276,16,1960
603590,16,1970
745584,16,1970
790988,16,1960
819344,16,1960
855773,16,1970
131627,14,1960
137580,14,1970
170369,14,1960
207735,14,1950
240311,14,1950
289177,14,1960
309458,15,1950
332141,14,1950
519637,14,1980
578028,14,1980
584923,14,1960
690254,14,1970
744265,14,1960
767068,14,1960
816890,6,1950
921965,14,1950
923384,14,1970
532957,11,1930
805930,11,1930
123007,14,1970
490141,14,1970
42234,13,1970
536122,11,1960
31380,14,1980
122754,14,1970
145443,12,1990
237205,14,1980
661524,15,1970
664817,14,1970
806336,12,1970
100160,14,1960
577627,14,1960
1190,15,1960
74195,15,1950
101946,15,1960
134600,15,1990
164053,15,1990
165011,15,1960
170770,15,1990
279337,15,1980
290072,15,1960
316834,15,1950
361393,15,1970
411761,20,1950
568861,15,1950
614823,15,1970
622805,15,1960
866491,15,1990
887806,14,1980
927555,15,1950
933172,15,1950
22124,14,1980
98465,14,1970
105422,14,1980
163386,14,1980
246611,14,1960
260206,14,1970
287259,14,1980
315403,14,1970
371258,14,1980
386253,14,1980
406294,14,1980
424244,14,1960
490952,14,1980
501407,14,1970
561715,14,1980
588450,14,1980
673208,14,1980
749970,14,1950
751910,14,1980
925852,14,1970
957085,14,1980
1098,14,1980
223627,14,1980
280956,14,1980
351733,14,1980
357406,14,1980
388198,14,1980
506513,14,1980
572737,14,1980
825251,14,1980
120521,14,1950
180228,14,1950
799053,14,1960
824022,14,1950
16835,2,1960
22928,14,1960
46120,14,1960
76057,14,1960
114342,14,1960
137474,14,1960
138699,14,1950
311674,14,1960
327765,18,1950
489676,14,1960
6334,20,1940
150629,20,1930
695189,20,1940
804476,20,1930
958533,11,1940
28692,11,1940
175553,11,1940
208404,11,1940
404463,10,1930
640675,11,1940
868092,11,1960
749222,8,1980
752945,8,1990
37730,14,1990
39258,14,1980
47789,14,1980
51992,14,1970
78741,14,1980
130173,14,1980
184043,14,1990
287917,14,1960
350840,14,1960
387530,14,1980
490554,14,1980
612716,14,1970
853492,14,1980
898479,14,1980
936425,14,1960
987491,14,1960
11707,14,1970
43714,14,1960
46925,14,1960
96964,14,1960
102399,11,1970
110161,14,1960
130689,14,1960
136871,14,1970
277351,14,1970
481461,14,1970
674662,14,1960
685647,14,1960
796734,14,1960
957296,11,1960
60306,18,1930
79016,20,1930
82584,20,1930
162677,11,1930
172642,20,1950
184502,20,1930
204901,20,1940
211758,11,1930
212612,20,1950
213590,20,1930
244406,20,1930
742899,11,1940
396372,11,1940
21334,15,1960
816701,15,1970
825168,15,1960
46861,15,1940
60679,2,1930
815039,2,1940
825208,2,1930
942252,12,1930
197424,12,1960
311680,12,1980
617613,12,1990
619388,12,1980
245039,6,1950
389979,6,1940
778568,6,1970
36537,14,1960
89021,14,1950
209142,14,1950
307135,14,1970
496405,14,1950
805785,14,1970
821571,15,1950
842351,14,1960
113480,11,1960
152312,14,1960
61479,15,1950
64145,15,1950
82013,15,1950
118544,15,1950
144458,15,1950
147200,15,1950
162820,15,1950
329468,15,1950
524239,15,1950
894335,15,1950
41420,15,1980
59819,15,1950
101953,15,1980
118289,15,1970
477875,15,1950
500889,15,1960
509356,15,1970
569256,15,1950
572106,15,1960
594665,15,1960
664849,15,1970
746666,15,1970
865016,15,1980
894847,15,1970
55128,14,1940
58616,14,1950
116984,15,1950
502806,15,1960
773642,14,1950
50251,14,1990
88180,14,1980
798606,14,1980
139908,14,1980
418740,14,1970
671953,14,1970
891063,14,1970
334740,6,1960
13393,15,1960
59655,15,1960
94224,15,1960
128099,15,1950
149973,15,1960
170454,15,1960
179764,15,1960
414251,15,1960
477377,15,1960
542976,15,1960
667169,15,1950
751738,15,1960
772526,15,1960
803242,15,1970
806542,2,1950
817011,14,1980
894531,15,1950
59293,14,1960
71336,20,1940
328352,9,1960
575051,14,1960
65590,14,1980
189678,14,1980
325459,14,1980
422405,14,1970
545726,14,1980
621944,14,1980
752314,14,1980
780625,14,1990
922911,14,1990
39013,14,1990
305363,14,1990
563834,14,1980
690456,14,1990
781766,14,1990
808944,14,1980
855836,14,1990
178906,14,1980
219203,14,1970
803026,14,1980
11754,14,1980
22257,14,1980
137084,15,1970
159433,14,1990
177454,8,1990
228099,14,1980
235923,14,1960
246960,14,1980
290590,14,1980
302106,15,1980
354722,14,1980
390477,14,1980
484145,14,1960
495338,14,1990
545074,14,1980
572499,15,1960
776093,14,1980
790833,15,1970
874289,12,1970
121590,20,1950
253142,14,1950
567624,15,1960
590441,14,1980
1433,6,1980
133057,6,1990
161808,6,1990
162269,6,1990
162487,6,1980
227088,6,1990
270491,14,1960
286115,6,1970
340446,6,1980
368112,6,1990
495861,6,1990
749476,6,1990
750131,6,1990
834108,14,1980
858375,6,1980
167320,14,1980
178122,14,1990
420133,14,1980
820115,14,1980
393345,14,1990
564333,14,1980
23290,11,1940
170690,11,1940
242966,11,1940
490416,11,1940
494537,11,1930
641450,11,1950
748773,2,1940
7731,14,1990
7920,14,1980
543595,14,1990
750742,14,1990
782768,14,1990
813946,14,1980
12472,14,1960
20050,14,1960
36106,14,1960
38490,14,1960
77175,14,1960
107139,15,1970
178536,14,1970
191947,15,1970
265440,14,1960
307461,14,1950
313284,14,1960
317417,14,1960
745964,14,1960
798792,15,1970
92942,15,1970
127337,14,1970
183858,14,1970
217622,14,1970
238115,15,1950
531986,14,1960
617196,14,1970
645474,14,1970
809266,14,1970
852855,14,1970
62823,14,1980
202545,14,1970
385611,14,1980
335,14,1990
158309,14,1970
225930,14,1990
680476,14,1980
792530,14,1980
15318,6,1980
81561,6,1970
207127,6,1980
214162,6,1970
251375,6,1950
300749,6,1990
396676,6,1970
522768,6,1990
605375,6,1990
792370,6,1980
798248,6,1980
944084,6,1970
18258,15,1970
169536,6,1950
740833,14,1990
44994,2,1970
129547,2,1940
205180,14,1950
369270,2,1930
611102,2,1950
617844,2,1950
625739,14,1970
942529,2,1950
66570,11,1960
67528,20,1950
267354,11,1950
743929,11,1930
809058,14,1960
927627,11,1950
325401,14,1930
473554,14,1960
490549,6,1960
674150,20,1960
686897,14,1960
936190,14,1960
68780,11,1950
175196,14,1960
184187,11,1960
201760,11,1960
248392,11,1940
341137,2,1950
7448,15,1960
127063,15,1980
155563,17,1980
308871,15,1950
478246,15,1950
651156,15,1980
762731,15,1960
767016,15,1980
117844,6,1950
200791,6,1950
320761,6,1970
410219,6,1960
471156,6,1960
573100,6,1990
791483,6,1970
238495,2,1950
493122,14,1960
543055,14,1950
596922,11,1940
631774,14,1960
751019,14,1960
925181,14,1960
573978,16,1960
152023,14,1990
16759,11,1940
39656,11,1940
160198,11,1940
172350,11,1930
301955,2,1940
770629,11,1940
47421,15,1970
106298,5,1970
165663,14,1970
193320,14,1970
299471,14,1960
745241,14,1960
897214,14,1970
34899,14,1990
51376,14,1970
167287,14,1980
219483,14,1980
290812,14,1970
364399,14,1970
809357,11,1960
842802,14,1970
990384,14,2000
71970,15,1960
90389,11,1960
673114,11,1970
781172,11,1950
2411,8,1960
81017,13,1970
147638,8,1960
186927,1,1960
300245,14,1960
675495,13,1970
826364,13,1980
840000,8,1960
667794,9,1950
934721,9,1960
14651,6,1950
70715,14,1950
144847,14,1970
629609,6,1960
664378,6,1950
765722,14,1950
814606,14,1950
868456,6,1960
934069,6,1950
944310,6,1950
31685,14,1950
96613,14,1960
117490,14,1970
147635,14,1970
159214,14,1950
166785,14,1960
174557,14,1950
182900,14,1960
184091,14,1970
204386,14,1960
248798,14,1970
285272,6,1970
294923,9,1950
359016,14,1960
359966,14,1970
688400,14,1970
791120,9,1970
812046,14,1970
816387,14,1950
855405,9,1970
962339,14,1960
31067,15,1950
677781,15,1950
766893,15,1950
772976,15,1960
814898,15,1960
15694,14,1980
29791,14,1970
29884,14,1950
31556,14,1990
36521,14,1980
79044,14,1980
112185,14,1980
145128,14,1970
212131,14,1980
240665,14,1990
326249,14,1990
575522,14,1990
793425,14,1990
815537,14,1980
954964,14,1990
608701,2,1940
797881,20,1940
10412,14,1980
21744,14,1960
103484,14,1980
600069,14,1980
774588,6,1960
848034,14,1960
31274,14,1970
199995,14,1960
253861,14,1960
404434,14,1960
798992,14,1970
140176,20,1940
61480,14,1960
131581,14,1960
162233,14,1960
781094,10,1950
111794,11,1940
161173,12,1950
227776,11,1940
398615,11,1950
607283,12,1940
32071,17,1950
98189,6,1940
193160,6,1930
380704,6,1940
549797,6,1930
747506,20,1940
796741,6,1940
848784,6,1930
857203,20,1930
5882,14,1960
44764,14,1970
75747,14,1970
97182,10,1960
936946,10,1950
3595,18,1960
79960,14,1970
150048,8,1990
203008,14,1960
303626,14,1970
825924,14,1970
887619,14,1960
128440,14,1970
128495,14,1990
758453,14,1980
891264,14,1960
923033,14,1970
16281,14,1980
58549,14,1970
49774,15,1990
61044,15,1980
96379,15,1980
467203,15,1960
69986,6,1950
72205,6,1960
159699,6,1960
294085,6,1970
637150,6,1970
806247,6,1950
14073,14,1950
16438,14,1970
64303,14,1960
73421,14,1970
154530,14,1980
180263,14,1960
314600,14,1960
343930,14,1980
475932,14,1970
478426,14,1970
485191,14,1980
501692,14,1960
569914,14,1960
684240,14,1970
764181,14,1980
790732,14,1970
866786,14,1970
939567,14,1960
78044,15,1960
5441,14,1980
9441,14,1990
572579,15,1970
38466,20,1940
44703,17,1970
153590,14,1960
179205,14,1960
232564,14,1950
295545,9,1960
626268,9,1950
696015,14,1970
888730,9,1940
29067,14,1960
423267,14,1960
483587,14,1960
582313,14,1960
47033,14,1980
129761,14,1960
301619,14,1990
334193,14,1980
798662,18,1950
131841,2,1950
793227,11,1930
93322,16,1960
138063,16,1970
160848,16,1970
328014,16,1960
641994,16,1970
751592,16,1970
785380,16,1960
836312,16,1960
263937,14,1980
540883,14,1980
817754,14,1980
845775,14,1970
864209,14,1950
13387,14,1970
70027,14,1980
104455,14,1980
120953,14,1980
501081,14,1980
564726,14,1980
784814,14,1990
40225,15,1950
418955,14,1960
491220,14,1950
575012,15,1950
597309,15,1950
801573,15,1960
806877,15,1940
830375,15,1960
33161,15,1960
590285,15,1950
607448,15,1960
766094,15,1960
944349,15,1970
162930,20,1940
164093,15,1960
185948,20,1940
260038,20,1940
368367,20,1950
378624,11,1950
29867,20,1950
171728,20,1930
273531,20,1940
314113,18,1940
81796,11,1930
119629,11,1970
290464,11,1940
764702,11,1950
845443,11,1940
305501,15,1970
103162,15,1960
213212,14,1960
302685,15,1960
384675,15,1960
834673,15,1960
489520,13,1960
671244,14,1980
766533,14,1980
78886,14,1980
80720,14,1980
137390,14,1970
260212,14,1980
482677,14,1980
567570,14,1970
789340,14,1990
831215,14,1990
895443,14,1970
53739,20,1970
98081,20,1950
106987,11,1950
131681,20,1950
314155,20,1950
330575,14,1950
344275,20,1930
745915,14,1950
753985,20,1950
794449,14,1950
822777,7,1940
132449,6,1970
232701,6,1960
362437,6,1970
409968,6,1970
671156,9,1950
815236,2,1970
837946,6,1970
838300,6,1950
52900,9,1960
87985,14,1960
274321,9,1960
814852,14,1960
823012,6,1960
19701,14,1970
34988,14,1980
44906,14,1980
46527,14,1990
188190,14,1990
423305,14,1980
633181,14,1980
751604,14,1990
179379,11,1950
188202,11,1940
224638,14,1960
233066,14,1950
307025,14,1960
504928,14,1960
614339,11,1960
763301,14,1960
608945,15,1990
781370,14,1980
154998,14,1970
257544,14,1960
749734,14,1960
855423,14,1970
341422,12,1950
591104,12,1950
688804,12,1950
3829,2,1930
28166,2,1950
59156,2,1940
76881,2,1940
276085,2,1930
81194,2,1950
100854,2,1940
108826,15,1950
148477,15,1960
164594,15,1950
168958,15,1950
198162,15,1950
233228,15,1950
457807,15,1960
838195,15,1960
611877,5,1940
750203,20,1930
74970,6,1930
246022,6,1930
287604,11,1930
120010,14,1990
163420,14,1990
206407,14,1970
475334,14,1990
479350,14,1980
486047,14,1980
604075,14,1980
786613,14,1970
1416172,17,1930
16944,16,1980
129817,16,1980
165830,16,1970
181376,14,1970
352171,16,2000
681340,16,1980
697350,16,1970
788508,16,1970
798477,16,1960
80780,14,1990
85410,6,1950
142050,6,1970
174122,14,1980
177060,14,1960
307875,6,1970
345355,14,1980
852997,14,1980
69534,14,1980
222436,14,1970
251595,14,1970
297702,14,1960
520975,14,1960
680522,14,1980
97529,11,1950
226380,11,1960
680003,11,1960
789775,11,1950
798326,11,1950
800100,11,1950
928942,11,1940
961688,11,1980
189644,20,1930
281254,6,1990
393789,6,1980
510805,6,1990
530745,14,1970
583959,6,1950
592954,6,1990
681171,6,1980
787960,6,1980
936206,6,1970
941579,6,1940
7230,14,1960
140816,15,1970
252184,14,1970
337631,2,1960
467853,14,1960
887348,6,1940
194703,14,1960
756656,9,1960
191063,14,1980
308932,14,1970
672011,14,1960
46794,14,1980
99246,14,1980
162197,14,1990
169795,14,1990
377581,14,1980
570061,14,1980
615489,14,1990
925528,14,1980
528221,9,1950
2330,7,1960
94210,11,1950
397042,11,1930
502199,11,1950
548338,11,1950
674332,7,1950
678408,11,1950
228299,11,1950
233862,11,1970
243527,11,1970
463527,11,1970
156043,14,1970
259800,14,1970
754879,14,1980
792925,14,1970
631579,14,1970
927736,9,1960
955544,14,1970
961234,14,1990
103324,14,1980
151787,14,1980
305541,7,1950
278575,6,1960
567190,14,1960
573870,14,1960
923618,14,1960
2993710,15,1960
228323,14,1980
74853,8,1980
921306,8,1980
190632,6,1950
610706,14,1960
502163,14,1970
75295,16,1960
173988,16,1960
190021,16,1960
242861,16,1970
636474,16,1970
9680,11,1940
172612,12,1950
932858,10,1960
607804,9,1930
407986,14,1970
814220,17,1970
161351,14,1990
268871,14,1970
333464,14,1980
193231,14,1970
413524,14,1970
104714,8,1970
35076,15,1980
161920,15,1970
239921,14,1980
332257,14,1980
482334,14,1970
748222,14,1970
129775,15,1960
131624,15,1970
617370,15,1960
793845,14,1980
101795,11,1980
188432,11,1960
944206,11,1960
354158,14,1960
564239,14,1960
678339,14,1970
755494,14,1960
771010,14,1960
838241,14,1960
840523,14,1980
937003,14,1980
69060,14,1980
100473,14,1980
109414,14,1980
238297,14,1970
498691,14,1970
585189,14,1970
762500,14,1990
766361,14,1980
797431,14,1990
172167,14,1980
174752,14,1990
601430,14,1990
749504,11,1930
105354,14,1970
500992,14,1980
835585,14,1980
859868,14,1970
948171,14,1980
185615,6,1960
198532,14,1960
391398,9,1950
538677,14,1950
744796,9,1960
814751,14,1960
37658,4,1960
57209,14,1960
118327,14,1970
140499,14,1970
174822,14,1950
186594,14,1960
241724,14,1970
311074,7,1950
387815,8,1970
488378,10,1960
521704,14,1960
607028,7,1940
635413,14,1970
645612,14,1960
678009,7,1940
753963,14,1960
773392,14,1970
799466,14,1960
849672,4,1960
936658,14,1970
72041,14,1960
123915,14,1960
208303,14,1980
754251,14,1980
756180,14,1980
83095,17,1990
152973,17,1980
182360,15,1960
577235,15,1940
4852,12,1980
203670,12,1980
313899,12,1980
749671,12,1970
769444,14,1970
250435,11,1950
266160,9,1930
330601,11,1960
330967,9,1950
894827,20,1960
242211,14,1990
323194,14,1980
259529,11,1930
191429,2,1950
769616,2,1950
959770,2,1940
127360,14,1980
358820,14,1980
481057,14,1970
567325,11,1950
203639,14,1960
29978,14,1990
35021,15,1950
135024,15,1950
282709,15,1960
569685,15,1960
353145,6,1930
70800,14,1970
154544,14,1980
195874,14,1970
197921,14,1970
768321,14,1970
784732,14,1970
27916,15,1960
29909,14,1960
45313,14,1960
292915,14,1960
293896,14,1960
505532,14,1960
595101,14,1960
643549,11,1940
794173,14,1970
845625,14,1960
892823,14,1960
956707,14,1970
84814,14,1970
391933,14,1970
588508,14,1960
596126,14,1960
809999,14,1960
256349,20,1940
322027,7,1940
479028,20,1940
495784,20,1950
815575,20,1930
137494,15,1940
376608,15,1960
792953,14,1950
793988,14,1950
803720,14,1950
193216,14,1960
210323,15,1960
482600,14,1960
297955,14,1970
319021,14,1980
486645,14,1980
501802,14,1970
583478,14,1980
202554,11,1950
489316,11,1940
129308,14,1970
415239,14,1980
745318,14,1980
790814,14,1980
395819,20,1930
61226,15,1970
607773,15,1980
892771,15,1960
290040,15,1940
317093,11,1930
668448,17,1950
817000,15,1940
51066,14,1980
304401,14,1960
590479,14,1970
925837,14,1970
17748,15,1950
299668,15,1970
210991,15,1990
317865,14,1990
585249,14,1970
922728,14,1970
84053,14,1970
119651,14,1950
478603,14,1960
758444,14,1980
336783,14,1960
384920,14,1970
394449,9,1960
674263,14,1980
26520,14,1990
408696,14,1980
607202,8,1990
920101,14,1960
46699,14,1950
105618,10,1970
130115,9,1960
138833,10,1960
170815,9,1960
244711,15,1950
265456,14,1950
424296,14,1960
479582,15,1950
496097,10,1960
497132,12,1960
636044,15,1950
692100,10,1970
771297,10,1960
573410,10,1960
652255,10,1960
82742,6,1990
222927,14,1980
231645,9,1940
12802,17,1940
195368,17,1940
289685,14,1990
31263,17,1960
333634,9,1960
517264,9,1960
577531,9,1930
845468,6,1960
659517,14,1960
674873,14,1960
175708,14,1960
759031,14,1980
150062,2,1950
242511,2,1950
163229,14,1970
597094,14,1980
64509,15,1960
343396,15,1940
68551,6,1990
283405,6,1980
767370,6,1980
926108,6,1990
627337,14,1950
660401,14,1960
218885,16,1970
219334,16,1970
939187,16,1990
125465,14,1960
33316,14,1960
138332,15,1950
839369,15,1960
68738,14,1980
259561,14,1980
639053,14,1970
920073,14,1970
26510,6,1970
152002,6,1970
218994,6,1970
337271,6,1960
377908,14,1960
489876,14,1980
515628,6,1960
543867,6,1970
823165,14,1950
10538,14,1980
89710,15,1950
149515,14,1960
574597,14,1980
665957,15,1950
921002,15,1970
206967,11,1940
786228,11,1950
55304,15,1950
75171,15,1940
143367,15,1960
423095,15,1950
761706,14,1950
92303,14,1980
131650,14,1970
493327,14,1980
816900,14,1960
922200,14,1980
487186,14,1970
672910,14,1970
926604,14,1970
948557,14,1980
57488,20,1950
82831,20,1930
403120,20,1930
149044,15,1960
267814,15,1970
345168,11,1960
658346,15,1960
20278,15,1970
160638,15,1970
246885,20,1950
397876,15,1950
662800,6,1930
762288,2,1940
778344,15,1940
422947,14,1980
515251,14,1980
931105,14,1980
950956,14,1980
42993,14,1960
80537,14,1950
3495279,14,2010
135054,14,1980
266255,14,1970
766385,14,1970
34249,6,1980
167517,14,1970
286561,9,1980
135152,15,1990
799081,15,1980
925066,15,1990
573241,14,1980
19892,14,1980
61172,14,1970
758520,14,1980
858827,14,1970
889097,14,1970
558339,11,1950
642664,11,1930
988386,11,1950
858710,6,1940
903609,6,1930
484396,11,1950
578031,6,1950
935990,14,1960
315336,20,1930
556242,10,1960
75100,14,1970
140689,14,1970
222351,14,1980
474482,14,1980
913210,14,2000
171693,9,1950
747757,14,1970
61534,14,1960
142652,14,1970
13508,14,1990
108679,14,1980
636433,14,1990
775877,14,1990
923705,14,1990
3413,20,1930
128249,20,1950
142178,20,1930
205254,20,1940
813392,20,1940
816896,20,1950
73644,14,1950
171637,14,1950
190946,6,1950
332852,14,1950
3056,15,1960
9084,14,1970
750925,15,1960
783250,14,1950
926548,14,1960
17929,15,1950
58438,15,1960
106882,15,1960
110104,15,1960
127696,15,1990
176358,15,1990
200074,14,1980
619423,15,1960
684830,15,1960
884962,15,1980
920939,15,1960
139933,15,1950
213165,14,1950
814036,9,1960
36468,14,1990
38302,14,1970
138520,14,1970
223197,14,1990
255704,14,1990
312354,14,1980
367459,14,1980
471355,14,1980
472925,14,1980
761108,14,2000
855952,14,1980
58372,14,1960
308645,14,1980
453041,14,1980
741177,14,1980
291043,14,1970
44290,11,1940
792175,11,1940
49806,2,1930
64817,2,1930
1006782,2,1930
130764,14,1990
139089,14,1980
213921,14,1990
243008,14,1990
258430,14,1980
317545,14,1980
527267,14,1990
780581,14,1990
805345,14,1990
848913,14,1970
920994,14,1980
819894,2,1940
94764,14,1990
451296,14,1990
129430,8,1970
853926,8,1970
928351,14,1980
312353,14,1980
509223,14,1980
799771,14,1980
170381,14,1980
465562,14,1980
987621,14,1970
416785,18,1950
760240,18,1930
743968,15,1970
102050,9,1950
772745,14,1990
99561,9,1960
124492,14,1990
477116,8,1980
850692,14,1960
68155,15,1950
278559,5,1930
295415,5,1960
492670,5,1960
639005,5,1960
899198,5,1960
376739,2,1960
758943,14,1960
830425,2,1970
962064,2,1950
942335,8,1990
949820,8,1990
578141,15,1950
785611,14,1950
852007,14,1950
24944,17,1970
79392,17,1960
466759,17,1980
232869,15,1990
245019,9,1960
758208,14,1990
669015,9,1960
3170,14,1970
94205,6,1940
165818,6,1960
196248,6,1960
33560,14,1960
266916,20,1940
418981,15,1950
469286,14,1960
774791,14,1960
868306,14,1960
756740,14,1970
115733,2,1950
894956,2,1950
186312,12,1940
81083,6,1940
169202,9,1940
192925,9,1960
223054,9,1950
527379,2,1930
536754,9,1930
738855,11,1950
486775,2,1950
127949,11,1940
139804,11,1950
354733,14,1970
146544,14,1970
223701,11,1960
238440,14,1960
600228,11,1970
148355,14,1960
752773,15,1960
767741,11,1960
776011,14,1980
837486,14,1970
809396,6,1970
48816,20,1950
211424,11,1940
76658,11,1950
136075,11,1950
406583,11,1990
628684,15,1980
772721,15,1970
804559,11,1960
45057,6,1940
87113,6,1940
241813,14,1950
334829,6,1940
577720,6,1940
117001,15,1950
578744,15,1950
763554,15,1940
617568,15,1960
805208,15,1950
32366,9,1960
69153,9,1950
83554,14,1980
227487,9,1980
683686,14,1970
800426,9,1980
81619,6,1990
659299,6,1990
789721,6,1970
842269,6,1960
654490,2,1950
41899,14,1960
133119,11,1950
394806,14,1960
542549,11,1940
551815,11,1930
628981,14,1960
38977,14,1980
196969,9,1960
300024,14,1970
443997,12,1950
571845,20,1940
758601,20,1960
797056,10,1960
837592,20,1930
43444,5,1960
67561,5,1950
107877,15,1960
224186,14,1970
585574,14,1990
766078,14,1990
852688,14,1990
52382,14,1970
85776,14,1960
154548,14,1960
224294,14,1960
339490,14,1960
805661,14,1960
817369,14,1970
835894,14,1960
838524,14,1960
943936,14,1960
359062,14,1980
35587,14,1980
192338,14,1990
779670,14,1990
885375,14,1990
233035,20,1940
247966,20,1940
368451,20,1950
847735,20,1930
855531,20,1950
935330,15,1980
215058,14,1990
270667,14,1990
325443,17,1970
521851,14,1990
946560,17,1980
146490,14,1990
335747,14,1990
757342,14,1990
771905,14,1990
683750,8,1970
66228,2,1930
229157,14,1970
777210,15,1960
830538,14,1960
582930,14,1960
842611,14,1960
339577,14,1980
755519,14,1980
940583,14,1980
946137,14,1960
12180,6,1990
48566,14,1990
207644,6,1970
333643,18,1950
586798,8,1990
119111,11,1940
120487,5,1950
345427,14,1960
404345,14,1960
417607,14,1960
500664,14,1960
843607,14,1960
75591,14,1990
186185,14,1980
293490,20,1970
374126,14,1990
579458,4,1960
641626,4,1980
751613,4,1990
829267,9,1980
988471,13,1980
28772,14,1960
541125,14,1950
784760,14,1960
135032,14,1960
807121,14,1960
669511,12,1970
892775,12,1970
128585,16,1960
923432,16,1960
181694,20,1930
797205,12,1950
272567,11,1930
949259,20,1970
43499,20,1930
345734,20,1940
670088,14,1960
187907,12,1990
924318,12,1990
960674,15,1940
101701,14,1980
184267,14,1970
80443,11,1970
161830,12,1960
212614,12,1960
954817,12,1960
634377,14,1960
75825,15,1950
765595,14,1990
813731,14,1980
425105,16,1960
34617,11,1950
864257,11,1950
170211,15,1950
249973,14,1970
420539,14,1970
179730,6,1950
49180,15,1960
827367,2,1950
838559,9,1960
625736,14,1960
194018,14,1950
204708,14,1970
309328,15,1940
620121,14,1970
668302,14,1960
776562,14,1960
807489,6,1950
28432,14,1990
38579,14,1980
49374,14,1970
52093,14,1980
206241,14,1980
296903,14,1980
566918,14,1970
567862,14,1980
812802,8,1990
926428,14,1980
269972,15,1950
80428,20,1950
428717,14,1960
90803,15,1950
193342,14,1990
631535,14,1980
2368302,14,1980
308742,14,1970
492037,14,1980
568137,14,1990
569402,14,1970
748904,14,1990
933633,14,1970
18176,15,1980
83013,15,1960
482787,15,1960
624215,15,1960
816517,15,1980
930642,15,1980
570825,14,1970
180449,15,1980
208076,15,1970
243474,15,1970
254535,20,1970
674011,11,1960
830319,11,1950
891907,10,1980
893719,15,1950
239961,14,1960
820232,14,1950
26023,14,1990
687487,14,1980
487271,9,1950
517074,15,1980
582024,14,1960
795341,14,1970
799644,14,1960
165855,14,1950
109735,14,1980
483848,14,1970
937098,14,1970
764890,6,1960
520545,14,2000
490763,20,1940
227527,6,1940
126144,15,1950
253457,20,1930
228266,14,1960
127369,11,1950
201678,11,1950
245760,11,1960
334770,11,1950
684253,11,1950
802745,11,1950
28316,16,1960
683658,16,1970
29334,6,1940
780451,6,1950
745617,11,1950
784527,11,1940
790227,11,1940
39661,2,1940
89713,14,1950
112540,9,1940
154533,9,1940
342768,9,1950
796950,9,1950
813092,9,1930
898336,2,1930
310789,10,1950
288111,12,1980
488921,12,1990
673621,12,1980
553483,14,1980
763237,14,1980
926307,14,1980
1608941,8,1980
756518,15,1950
44751,6,1970
378041,6,1970
794846,6,1970
808214,14,1960
74340,11,1950
245992,11,1940
21747,11,1960
65882,11,1960
190888,11,1970
192260,11,1960
228444,11,1960
314050,11,1970
361973,15,1980
666763,11,1950
934350,11,1960
171150,14,1970
492275,14,1970
553810,14,1970
837150,9,1950
141838,14,1970
320845,14,1960
339624,14,1970
347148,14,1980
492466,14,1970
623254,14,1980
143494,10,1960
153519,6,1940
151431,6,1950
198783,6,1950
554963,14,1970
811622,14,1960
211197,5,1960
342833,5,1950
26164,14,1990
498961,14,1980
620495,14,1980
921710,14,1990
494474,16,1970
504276,14,1970
776659,16,1970
620386,14,1950
183715,14,1960
763601,14,1980
74134,9,1950
476356,20,1940
483334,20,1940
456896,18,1950
66429,6,1950
200775,6,1930
327735,14,1960
318966,14,1970
375945,14,1980
49062,14,1990
185018,14,1990
211095,14,1990
195237,14,1960
135273,15,1960
502398,15,1960
577590,15,1940
827250,15,1950
761341,15,1990
93533,9,1950
36987,11,1960
286483,11,1950
738182,11,1960
792583,11,1960
333175,15,1950
135543,14,1960
490620,14,1970
807026,14,1980
753685,14,1960
750970,14,1980
190012,13,1980
896965,16,1970
1043986,14,1970
121459,16,1960
178889,16,1950
11910,11,1980
96744,14,1970
819983,2,1960
359494,16,1960
489606,16,1960
298764,14,1980
372322,14,1980
754055,14,1990
924508,14,1980
87597,14,1950
302765,16,1970
179126,14,1960
848952,11,1950
334644,6,1950
762821,6,1990
486305,2,1950
630882,2,1940
402872,15,1960
111934,20,1930
668922,14,1980
930204,14,1980
749272,20,1930
66869,14,1980
765302,14,1990
790509,14,1980
246628,15,1950
116178,14,1980
33580,16,1970
169526,16,1980
251925,16,1980
334101,16,1960
918400,14,1970
13511,17,1930
85915,14,1960
132579,17,1960
847880,17,1960
235169,14,1990
655547,14,1980
772191,14,1960
405903,14,1970
462110,14,1980
475431,14,1980
752770,8,1990
46184,20,1940
140521,14,1950
76561,6,1980
811897,6,1990
160054,14,1970
210425,14,1970
591048,14,1980
51909,14,1960
945196,14,1960
31441,13,1960
245489,13,1970
324854,15,1960
343940,11,1940
489845,11,1940
891575,8,1980
107090,14,1960
407300,6,1950
562030,6,1940
885875,6,1960
186125,6,1970
196690,6,1970
351227,14,1980
359613,14,1960
399659,6,1980
939565,6,1990
66395,16,1970
85448,16,1960
109637,16,1970
346637,11,1930
147245,11,1940
424292,11,1940
558596,11,1950
149946,11,1950
34094,14,1960
94658,17,1980
576839,17,1980
764636,17,1960
182884,14,1980
24568,9,1950
90188,14,1970
67900,15,1960
110341,14,1960
406575,14,1960
536275,14,1970
593930,14,1970
236287,10,1970
240081,14,1960
288904,14,1970
780005,14,2000
169228,15,1990
197460,20,1980
402351,15,1990
887638,13,1980
130028,14,1970
8549,14,1990
40230,14,1990
803009,14,1990
21578,14,1990
109421,14,1980
366164,15,1960
402249,15,1980
488859,15,1960
200882,14,1960
582253,15,1960
73605,16,1960
477523,10,1950
828768,10,1940
125561,14,1980
376422,14,1990
359179,14,1970
788569,6,1950
22348,14,1990
234647,15,1990
305468,14,1970
932665,14,1990
1878899,14,1990
99888,14,1960
151979,14,1960
181321,14,1970
479113,14,1970
683085,14,1960
890799,14,1960
36402,14,1960
606283,20,1960
860080,14,1990
664194,15,1950
201297,14,1970
822910,14,1990
203711,11,1980
680374,15,1980
194036,14,1960
463435,14,1960
1908947,14,1970
403184,14,1950
760977,15,1960
583935,15,1970
1266,10,1940
742673,10,1960
94890,14,1980
120060,14,1980
414016,14,1970
503279,11,1960
686560,6,1990
518313,8,1980
660507,14,1960
829125,15,1960
590483,17,1990
165736,14,1970
186734,2,1950
150530,18,1970
232480,18,1950
787757,14,1970
441,14,1990
154417,14,1990
172041,14,1970
490738,15,1990
578999,15,1990
681956,15,1990
780258,14,1990
669473,15,1950
495455,14,1980
988529,14,1990
568071,14,1970
135378,2,1950
952794,20,1940
746731,14,1990
790667,15,1980
898188,15,1980
496487,14,1970
337856,6,1950
947816,6,1940
133832,11,1950
228087,11,1940
768027,11,1940
889449,15,1950
338179,17,1960
83859,14,1970
184637,12,1960
611007,8,1990
785773,1,1970
480108,14,1980
503602,14,1990
504815,14,1950
610346,14,1980
949619,14,1960
118493,12,1940
188843,12,1990
219021,12,1950
219243,12,1950
292559,12,1950
931086,12,1960
35338,15,1970
51736,15,1960
40922,14,1970
93566,14,1980
149840,14,1990
167386,15,1970
266534,14,1980
328288,14,1960
491996,2,1960
753094,2,1930
898331,2,1950
829643,2,1950
310455,14,1990
802464,14,1980
67406,10,1960
751256,14,1990
893383,14,1990
169317,14,1980
89018,14,1980
651187,14,1980
244073,14,1980
172772,20,1940
201022,14,1950
338887,20,1950
509367,20,1940
589630,14,1990
592595,14,1990
812711,14,1990
377891,14,1960
611881,14,1960
835648,14,1960
296601,6,1980
385879,6,1990
662642,6,1980
956093,14,1970
97173,14,1970
315142,14,1980
36310,14,1980
67631,8,1990
215041,14,1990
296024,12,1960
779209,12,1950
61637,14,1990
256831,15,1950
580485,15,1960
44068,17,1980
281564,17,1980
391285,17,1980
393257,17,1980
225389,11,1930
634674,11,1930
244537,14,1980
275757,15,1990
782191,8,1980
255887,14,1980
424117,11,1980
193025,15,1980
330453,15,1980
209773,11,1950
299277,14,1950
1340026,8,1990
607967,12,1940
766066,20,1950
778363,20,1950
832341,20,1950
774956,15,1960
58361,15,1950
664883,15,1950
677842,14,1980
1211412,14,1960
855356,9,1970
211483,11,1950
258090,11,1950
275832,11,1960
585092,11,1960
745316,11,1960
747984,11,1950
951384,11,1950
27136,12,1980
791318,11,1960
145086,14,1960
891032,14,1980
496525,1,1950
924232,11,1940
315339,14,1980
358641,14,2000
803544,14,1980
29808,14,1980
771419,14,1980
68934,11,1970
387720,14,1970
741525,11,1990
961133,11,1990
569644,14,1970
290502,14,1990
665860,14,1990
62002,14,1970
30928,15,1980
303506,15,1990
312890,14,1990
516929,14,1990
70534,5,1960
824219,5,1950
77662,20,1940
122023,14,1960
321321,14,1960
303050,15,1930
481354,8,1980
493848,8,1990
584257,8,1980
205520,14,1990
480830,14,1990
664618,12,1990
788582,12,1990
216846,14,1960
401287,14,1980
788937,15,1970
869409,15,1970
239655,17,1970
792051,5,1990
922811,20,1950
148305,17,1980
251361,14,1970
520033,14,1970
797147,14,1980
418662,14,1970
753617,14,1970
806168,14,1990
26367,14,1980
758999,8,1990
588943,16,1970
164750,14,1960
493412,10,1980
768010,14,1960
95613,10,1960
191699,12,1960
792733,14,1990
884449,14,1990
741380,17,1990
776576,17,2000
954694,20,1930
78191,14,1980
617336,14,1990
347639,14,1960
226331,14,1960
450700,14,1960
181329,14,1970
32193,6,1940
317108,15,1970
625201,15,1980
756291,15,1970
533117,15,1950
596451,15,1970
667669,8,1990
674887,14,1970
958839,14,1980
500298,16,1990
46460,14,1950
667556,15,1950
359559,15,1980
355451,6,1950
310383,12,1940
821590,15,1960
123345,11,1960
210757,11,1930
316340,12,1930
299882,9,1960
80657,15,1950
816895,11,1930
366407,14,1950
475362,1,1970
570046,8,1980
809446,14,1970
833782,14,1980
30431,14,1980
191680,11,1950
141256,6,1940
296402,6,1940
214593,14,1990
221844,14,1990
675710,14,1990
687561,14,1990
790604,2,1960
829122,14,1980
647796,14,1980
753706,14,2000
809334,11,1960
197532,20,1930
615026,10,1940
919525,14,1980
94126,14,1980
25047,14,1960
576718,14,1980
672498,8,1990
757157,14,1980
742980,16,1990
746407,16,1980
255733,14,1960
234844,14,1960
58386,14,1970
187413,14,1970
197364,14,1970
239638,2,1950
389213,2,1960
837215,9,1970
866841,14,1960
167361,15,1990
340152,14,1980
259240,14,1980
623518,14,1960
814340,20,1960
560208,14,1950
575695,14,1970
257141,14,1980
32971,14,1980
190531,15,1970
237517,6,1960
268990,14,1990
683065,6,1950
933883,14,1960
359199,11,1930
768149,11,1940
101776,14,1950
333573,15,1970
755570,15,1970
755792,15,1980
135391,11,1950
609966,17,1940
62729,14,1960
167399,18,1960
805332,14,1960
358532,11,1960
275130,14,1960
831236,14,1980
146354,6,1960
214546,11,1970
743966,14,1990
818593,14,1960
57124,15,1950
259270,10,1970
591902,16,1980
762652,16,1970
826660,16,1980
296487,14,1950
75801,6,1980
350585,6,1980
48908,20,1940
4451,14,1980
45077,9,1960
221603,6,1950
234488,6,1960
269172,6,1940
788568,6,1960
695019,10,1960
796166,11,1950
887719,10,1970
692251,14,1960
898828,14,1950
622379,6,1970
767095,15,1970
189701,6,1950
958076,11,1930
498987,15,1990
642796,14,1990
781932,11,1950
102985,20,1960
240252,12,1960
165068,16,1980
502371,15,1990
149173,18,1980
786245,14,1980
194039,14,1990
760154,14,1960
17877,15,1980
808198,11,1950
661974,11,1940
25899,8,1980
661525,14,1980
793821,8,1970
820999,6,1940
197040,2,1940
7729,14,1960
861687,14,1990
57188,16,1960
81683,16,1970
230667,14,1970
34172,14,1980
294197,14,1990
597965,14,1990
138837,2,1940
873886,11,1930
56913,10,1950
746010,14,1960
390532,14,1970
17387,14,1990
51233,11,1950
300013,11,1950
64199,6,1940
667020,14,1970
683795,8,1970
271029,15,1940
60476,15,1960
141681,14,1970
193963,14,1980
251604,14,1980
299776,14,1980
355616,14,1980
770007,14,1970
778906,14,1980
799100,14,1980
806740,14,1980
815090,14,1980
93632,14,1960
609396,14,1960
750456,14,1960
184811,14,1980
163198,6,1940
287860,5,1970
91122,8,1980
253232,8,1980
351842,15,1960
492162,8,1990
799348,8,1990
807949,8,1980
869417,8,1980
633079,14,1960
40501,13,1970
497760,14,1970
20403,6,1940
398259,14,1960
2825814,14,2000
485991,12,1960
87179,14,1970
467382,14,1980
746182,14,1980
902138,14,1970
2252,14,1970
933568,14,1960
6320,14,1970
762921,17,1930
203695,14,1990
83194,14,1990
186805,14,1960
251491,14,1970
508443,14,1970
383889,14,1990
758630,14,1980
138271,14,1990
158656,14,1990
251033,14,1990
664346,14,1990
104388,11,1960
414889,14,1990
280445,15,1960
300534,2,1950
330634,18,1950
624504,14,1960
165294,14,1990
225948,14,1980
204714,2,1930
175087,18,1950
204968,11,1940
674310,11,1940
110541,11,1960
202033,6,1970
461737,6,1970
522377,14,1970
11242,6,1940
184814,6,1940
198901,6,1950
516706,6,1950
665908,14,1990
343954,14,1980
75665,14,1960
153526,14,1950
188342,6,1950
238506,2,1960
781423,11,1940
35697,15,1960
401114,15,1970
255770,11,1950
183139,14,1970
680065,14,1960
121318,14,1960
254556,14,1960
239827,14,1990
173487,14,1970
320426,14,2000
421315,14,1970
137137,11,1940
275386,14,1970
159312,17,1990
344729,17,1980
942624,17,1990
793022,14,1970
3627,16,1980
90011,16,1980
836313,16,1980
866417,16,1980
940831,14,1970
480086,14,1990
52151,16,1970
101164,8,1990
919598,8,1980
401066,11,1950
467749,1,1990
930722,14,1960
776371,15,1990
152228,15,1980
399437,15,1970
474648,16,1960
249303,14,1970
314372,14,1970
235881,11,1940
753237,6,1970
282766,9,1970
489209,14,1970
610339,14,1980
687933,13,1980
352999,6,1970
21292,6,1980
118189,6,1990
77698,11,1930
943827,14,1990
112204,14,1980
167220,12,1970
511041,12,1990
287350,14,1980
165345,15,1980
648407,14,1980
689367,14,1980
608166,20,1930
633078,14,1980
574057,16,1970
46381,14,1980
898275,14,1980
5307,15,1990
132849,17,1980
108124,15,1980
301404,14,1960
392553,14,1970
143951,6,1950
220946,6,1960
248916,16,1980
228714,20,1940
1097,12,1990
258882,15,1990
271113,20,1960
449578,14,1980
673486,12,1980
944105,12,2000
262794,14,1980
947563,14,1980
240923,14,1980
73383,15,1960
12877,14,1970
588112,14,1970
163570,14,1990
414745,14,1960
838414,9,1970
590265,20,1950
247545,14,1980
409670,14,1960
352524,2,1960
487535,20,1950
97786,14,1990
282800,14,1980
636394,14,1990
850693,14,1990
489207,11,1960
824866,11,1940
763341,14,1950
156938,16,1990
190235,16,1980
127451,14,1950
96576,14,1990
324646,14,1980
475980,14,1980
863102,14,1990
212129,12,1940
492663,12,1950
758194,12,1940
339905,14,1970
767129,15,1950
958768,14,1980
31022,14,1960
771269,14,1980
170330,18,1930
959775,20,1930
298225,14,1990
781350,14,1990
787702,14,1990
99449,14,1990
221894,15,1970
646353,11,1940
97491,14,1990
261087,14,1980
363100,14,1980
786360,14,1980
78242,12,1930
131178,6,1960
639697,12,1930
804706,10,1940
222974,14,1980
654543,14,1990
924780,14,1980
324819,20,1950
125528,14,1970
139741,14,1980
797670,14,1970
243812,15,1960
411830,15,1970
918600,14,1980
948061,14,1970
87922,14,1990
771792,14,1990
685751,7,1950
769876,20,1950
337119,14,1970
412134,16,1960
1292549,16,1960
185810,14,1970
611929,14,1980
947576,14,1970
784766,14,1980
165162,14,1970
943268,14,1970
933809,14,1970
142767,11,1950
216294,11,1960
424302,11,1950
491786,11,1950
279141,14,1950
319945,14,1960
524050,14,1970
230784,16,1960
800332,16,1970
823482,16,1960
893111,16,1960
370703,2,1980
785357,14,1980
64954,20,1980
516202,14,1960
532487,14,1950
177588,13,1970
187162,14,1970
834466,14,1960
791480,6,1960
837985,6,1980
825387,14,1980
48587,14,1980
5501,14,1990
329883,14,2000
131038,14,1990
798113,14,1970
308762,13,1970
26193,14,1990
846092,14,2000
849246,14,1960
668127,14,1990
756772,14,1970
636106,10,1970
264350,16,1990
50034,14,1970
67539,14,1960
179698,11,1970
12644,11,1950
636382,11,1940
848572,11,1940
366889,20,1930
673360,20,1940
954646,20,1940
36645,11,1960
46345,13,1980
945269,13,1970
759668,16,1970
684920,11,1960
401166,14,1970
46784,15,1950
505047,11,1940
776301,11,1940
118853,11,1950
128290,11,1970
185155,15,1960
193802,11,1940
171994,14,1950
133719,8,1980
35464,14,1960
118664,14,1980
31324,14,1980
149166,9,1950
249420,9,1960
16448,10,1940
202187,16,1950
77560,20,1950
57840,6,1960
144349,6,1960
185669,6,1960
194063,6,1990
37794,12,1960
61273,10,1980
686577,12,1960
216348,12,1940
220312,12,1930
267411,12,1950
274520,12,1940
300659,12,1930
30925,11,1960
807028,14,1960
3669,14,1980
988655,14,1980
882950,11,1950
212200,20,1950
792018,14,1990
796736,14,1960
195305,14,1960
655273,14,1950
929776,4,1950
830028,15,1950
151469,15,1950
575379,14,1980
186096,14,1980
255347,14,1980
420504,14,1980
957340,14,1980
621959,8,1990
696668,8,1990
801615,8,1990
743760,14,1980
477954,6,1960
118384,14,1960
306446,2,1950
806507,15,1970
296815,9,1970
86826,14,1960
99104,9,1960
391003,14,1960
768231,14,1960
946563,14,1980
120615,14,1970
126048,14,1970
601079,14,1980
121157,15,1950
738674,6,1960
81079,15,1990
142208,5,1980
253734,15,1980
258741,15,1990
314505,15,1980
2130,18,1930
256575,11,1950
255210,11,1980
392299,20,1970
884686,14,2000
502351,15,1950
674163,15,1950
75329,8,1990
169239,8,1990
216986,8,1990
302774,8,1990
304102,8,1990
341652,6,1950
206538,11,1960
335302,14,1980
863774,9,1960
808212,14,1980
254215,14,1990
280960,14,1980
381371,14,1990
1606776,15,1990
117064,14,1950
166383,10,1940
126782,14,1990
660053,14,1990
775323,14,1980
178645,14,1980
838875,14,1970
574143,14,1990
897783,16,1960
352294,12,1970
380259,12,1940
781732,10,1970
300035,14,1980
125822,14,1980
217963,14,1950
93849,14,1970
129637,14,1970
66800,11,1960
116087,14,1980
45475,14,1980
400279,14,1970
927650,14,1980
211570,20,1980
245133,5,1960
245292,5,1960
852842,10,1970
761064,11,1950
771470,14,1980
13377,9,1970
644880,14,1960
752673,14,1970
950441,14,1980
504169,11,1940
511029,11,1930
765900,14,1960
65094,11,1940
828507,11,1950
5980,20,1970
597875,14,1960
775406,14,1980
551465,9,1990
621423,14,1970
808336,14,1990
951375,14,1990
290853,14,1990
1233067,14,1960
98278,14,1960
269390,6,1930
751623,14,1970
62270,14,1950
186390,14,1960
620578,14,1950
241004,15,1980
769109,8,1990
287092,5,1980
123515,15,1990
524522,14,1990
649435,15,1980
480472,20,1950
567374,17,1980
296802,14,1980
926237,14,1990
936095,14,1990
790078,14,1970
99198,20,1940
763551,15,1940
279097,12,1950
783909,12,1940
326096,6,1940
742166,6,1950
107227,8,1990
852810,14,1980
855780,11,1980
491802,14,1970
762177,14,1970
109669,10,1990
746387,6,1990
194743,14,1960
511773,11,1930
950571,11,1930
126862,12,1990
426564,14,1990
487534,12,1990
651796,12,1990
674161,12,1980
737886,12,1990
753507,12,1980
796439,12,1980
102781,11,1950
765435,11,1950
300583,6,1980
80118,14,1960
41431,18,1970
118128,15,1980
90079,6,1990
831708,12,1950
833631,12,1970
221445,14,1990
77732,14,1950
25394,14,1980
663455,16,1980
263852,14,1950
781399,7,1950
147316,14,1990
25857,8,1980
287407,14,1990
673933,14,1990
933898,15,1990
100116,15,1960
276381,15,1970
122252,16,1990
540010,16,1990
62860,14,1980
316611,14,1990
574102,14,1990
47134,20,1970
127766,20,1950
568368,20,1940
614982,14,1970
813485,20,1930
380235,15,1980
20862,14,1970
580058,6,1980
373592,15,1990
662797,15,1990
828740,16,1940
828756,10,1940
669303,14,1960
639789,11,1930
919846,14,1980
168993,14,1970
166291,14,1990
1055285,15,1990
88035,15,1990
333447,15,1970
322279,9,1930
354189,12,1940
69402,16,1960
647834,14,1970
198302,14,1980
931567,14,1950
807068,12,1960
59699,12,1940
40695,18,1930
369389,20,1930
51740,4,1970
333539,13,1990
672269,20,1970
851639,4,1960
861757,14,1970
293897,15,1970
795841,15,1970
3099573,17,2000
123754,14,1970
459616,14,1970
585896,14,1990
1006765,14,1960
33666,14,1970
219655,14,1970
2273,5,1960
11028,18,1930
6310,14,1990
208997,14,1960
650525,6,1940
108446,12,1940
894831,12,1970
20760,6,1980
248920,6,1990
32433,14,1980
199090,2,1960
951374,16,1990
139709,6,1950
679219,14,1970
341672,14,1980
956268,14,1980
987922,17,1980
96142,12,1970
38291,14,1970
111963,14,1980
608135,11,1980
198922,14,1950
320442,14,1980
82037,11,1940
18137,11,1950
58360,20,1970
179335,12,1950
37865,12,1960
91879,12,1960
108554,12,1950
248452,12,1950
565634,12,1960
903009,12,1950
97949,14,1960
90169,15,1960
900349,15,1960
803752,4,1940
163577,6,1950
367417,15,1970
77306,16,1970
144538,14,1970
247824,15,1980
59503,15,1970
29609,11,1930
639056,14,1990
757335,4,1960
757177,14,1970
923801,14,1960
194380,12,1970
468632,12,1980
822874,12,1960
268161,12,1980
741731,12,1990
227697,14,1990
482572,14,1960
605965,14,1970
783025,2,1930
927373,14,1980
288830,12,1950
170879,14,2000
670226,14,2000
800926,14,1960
217792,14,1950
773407,11,1960
25778,15,1970
746915,14,1970
597736,8,1990
80649,14,2000
216212,14,1970
918569,8,1990
158849,8,1990
759998,8,1990
130036,14,1960
133528,14,1970
57497,14,1970
355412,14,1990
921384,20,1950
793664,15,1970
665944,11,1960
786080,11,1940
583723,18,1930
818366,18,1970
28002,14,2000
178799,14,1990
923323,14,1990
82639,12,1950
555695,12,1980
801762,6,1950
273105,11,1960
128266,14,1960
185440,13,1960
1431398,13,1970
894664,9,1940
355555,14,1980
856451,14,1980
168110,14,1990
289599,14,1990
577261,7,1940
314346,6,1930
10982,14,1980
75394,14,1980
843106,14,1950
169578,12,1980
468911,12,1980
685031,12,1970
49367,15,1970
234374,11,1960
168256,14,1980
642427,20,1930
46727,15,1950
274822,2,1950
250976,14,1990
81231,11,1960
213510,11,1940
627250,12,1990
261332,11,1930
600640,14,1990
620603,14,1980
614455,14,1990
677352,9,1990
354883,14,1990
574119,14,1990
371879,14,1970
19435,11,1940
587608,8,1970
948333,14,1980
143749,14,1980
98944,14,1970
147082,15,1970
688515,15,2000
765773,11,1930
285693,14,1970
7305,14,1970
405522,14,1960
502978,14,2000
762990,14,1960
130402,15,1960
887718,15,1960
391519,6,1970
403454,12,1980
681154,14,2000
762885,14,2000
804431,14,1990
761179,15,1990
790797,12,1990
132940,10,1950
196544,20,1950
163835,18,1950
1839912,14,2000
26825,14,1990
364861,5,1960
151549,14,1980
194246,14,1990
365542,14,1980
785101,14,1980
385180,14,1980
747243,14,1980
406733,1,1960
333181,14,1950
406898,15,1950
574483,15,1970
184471,14,1980
105129,14,1990
120412,14,1990
745568,14,1990
806991,20,1960
153915,14,1990
796281,14,1990
104314,10,1970
147294,15,1970
674262,15,1960
123363,14,1990
142249,8,1990
147771,16,1980
199917,7,1990
611104,14,1990
888484,14,1990
956973,14,1990
388972,14,1980
739041,14,1990
106916,6,1990
257787,6,1990
610880,6,1990
868174,6,1990
199369,11,1940
121746,14,1990
221803,8,1990
690718,17,1980
744969,3,1950
130855,6,1970
222601,6,1970
293391,6,1970
327130,6,1970
472735,6,1960
593129,6,1970
745071,6,1980
836017,6,1970
921289,6,1990
89305,14,1980
748262,14,1990
850161,15,1960
16361,14,1960
108265,17,1990
354631,17,1990
510885,17,1980
180023,14,1990
47246,5,1980
500612,5,1980
615937,5,1980
898946,5,1990
170228,14,1970
677991,11,1970
757665,11,1980
740576,4,1940
126903,6,1950
107249,15,1970
845668,14,1970
387095,14,1990
899223,14,1990
953552,14,1990
918290,14,1970
242473,2,1950
298766,14,1970
48622,15,1950
503283,14,1980
763611,14,1960
411745,14,1970
158540,14,2000
217641,14,1990
724720,14,2000
503668,15,1960
158717,12,1960
48806,8,1990
487038,8,1990
280692,14,1980
299429,14,1980
74452,15,1950
802791,20,1930
86927,14,2000
831733,14,1980
35864,14,1980
496370,8,1980
286530,6,1990
243012,14,1970
836394,14,2000
854854,14,1990
20740,16,1990
52736,2,1940
106514,6,1960
206465,14,1980
484607,14,1990
132095,14,1980
1518379,8,1980
921598,14,1990
8245,14,1960
137401,14,1960
562663,14,1960
251210,2,1930
883345,11,1950
329232,14,1990
480956,14,1990
104147,12,1960
409337,12,1940
421122,2,1930
490769,2,1940
487663,14,1970
796957,14,1960
639621,12,1980
778959,12,1980
795054,12,1960
952834,14,1980
289629,16,1970
755496,14,1990
746068,9,1970
502774,14,1950
806822,14,1960
897322,14,1960
342691,14,1970
648097,14,1980
607094,14,1980
810592,14,1990
222959,14,1980
6613,10,1970
159406,10,1950
606043,8,1980
145543,11,1940
1777836,14,1970
944933,14,1970
26350,4,2010
920117,14,1960
153503,11,1960
694411,16,1970
20319,9,1960
938878,14,1960
74857,14,1960
322642,5,1970
840289,14,1990
408531,11,1930
961152,14,1990
109274,14,1960
927795,6,1990
760389,17,1980
796914,17,1970
545534,14,1980
752303,14,1990
854203,14,1980
12128,15,1990
818254,15,1970
847970,14,1990
166767,11,1930
278644,18,1960
569119,18,1970
840215,14,1970
647670,11,1980
359026,12,1980
617536,12,1980
42589,14,1990
620056,14,1990
1113,14,2000
201983,14,1990
537444,14,2000
2006721,14,2000
754219,20,1940
38805,15,1970
845662,15,1990
490860,14,1990
749571,17,1990
49797,14,1970
288154,14,1970
1498,14,1990
71373,14,1990
297839,14,1990
502989,8,1990
591459,8,1990
1163,11,1930
224925,14,1990
98819,15,1970
368578,14,1990
919812,15,1980
198426,15,1990
789514,12,1960
932299,12,1950
1016154,10,1960
847374,14,1990
949780,14,1990
782631,9,1940
616296,14,2000
101415,14,1990
597239,14,1990
566984,8,1980
347151,14,1990
657329,12,1960
21009,14,1980
78758,16,1990
414291,6,1970
756959,6,1960
759224,6,1970
487012,14,1950
812388,14,1990
450991,14,2000
117990,12,1960
955009,12,1930
414506,12,1990
246169,14,1990
753833,14,1990
868616,14,1990
988627,14,1990
97384,14,2000
520583,14,1990
185383,14,2000
69520,15,1950
103033,15,1960
811598,15,1950
216586,6,1970
667584,9,1990
371530,12,1960
796710,15,1960
201958,14,1980
35719,14,1970
601421,8,1980
178135,17,1960
122037,10,1990
731975,4,1940
641709,14,1990
118979,14,1990
615304,14,1990
949211,14,1980
938638,14,1980
492521,14,1960
14263,11,1970
485525,14,1990
450786,8,1990
928160,8,1990
625278,14,1990
32401,14,1970
527024,14,1970
315909,11,1930
174132,14,1970
140553,12,1930
459027,12,1940
6232,8,1980
232598,14,1990
495288,14,1990
128141,14,1980
921542,14,1980
890724,15,1960
151666,4,1950
757070,14,1970
813463,14,1970
31606,14,1990
931231,16,1990
78532,16,1970
479548,16,1960
758920,16,1960
919928,16,1960
744075,10,1990
803757,6,1970
135059,14,1960
96944,6,1960
812101,8,1990
1536402,8,1980
103447,14,1980
520215,14,1970
186545,14,2000
595768,14,1990
412393,14,1990
919853,14,1960
847305,12,1990
85806,14,1950
143559,12,1970
396154,15,1960
125506,15,1990
494746,15,1980
159791,11,1950
47401,11,1950
85038,14,2000
233147,14,1990
169856,2,1960
412710,14,1980
667622,15,1970
1913210,11,1970
299840,15,1970
787696,14,1980
825032,11,1930
303651,16,1970
100659,14,1990
424928,15,1950
68898,10,1940
101628,11,1940
109367,12,1950
16132,14,1990
509156,14,1990
791734,14,1990
855232,14,1990
48123,14,1980
919603,14,1990
238245,5,1990
621101,14,1980
755745,14,1990
333903,14,1980
297849,14,1960
225754,2,1950
193444,8,1990
852665,11,1960
528895,14,1980
285232,14,1990
514563,14,1990
11970,8,1970
552576,15,1970
802264,5,1960
40294,14,1990
843259,15,2000
38061,14,1980
299567,14,1980
944293,14,1990
1312035,12,1990
202344,15,1970
814871,14,1990
769523,15,1950
395187,14,1980
318085,14,2000
90124,8,1980
1811373,14,1970
172582,14,2000
322339,6,1970
164686,14,1990
286866,12,1970
987481,12,1950
574033,14,1970
46214,6,1930
290414,6,1950
769486,14,1980
107247,11,1960
841950,15,1970
6855,12,1960
896817,14,1960
312126,15,1990
869487,7,1930
926115,11,1950
138407,15,1960
925450,14,1960
15158,15,1990
68896,15,2000
189641,8,1960
955647,7,1950
451183,9,1960
69761,10,1960
30664,11,1940
831448,14,1970
90945,14,1960
1950198,4,1930
551115,15,2000
819946,15,1970
277977,12,1940
26952,17,2000
201667,17,1980
89058,15,1970
230111,9,1980
58934,14,1990
343455,14,1990
741236,8,1990
886961,14,1990
45560,14,2000
947752,6,1990
159655,14,1990
175379,14,1990
382565,14,1990
400815,14,1990
118791,6,1990
178621,14,1980
6143,11,1960
333766,14,1980
953875,14,1970
552325,12,1950
382734,20,1950
253397,10,1970
253408,14,1980
618230,14,1970
50520,15,1960
48757,15,1970
146796,15,1980
787940,15,1980
185543,14,1980
226556,14,1980
509524,14,1960
308625,12,1960
309068,12,1970
169099,14,1980
84258,14,1980
591620,12,1930
176332,14,1990
674600,14,1970
158888,8,1990
919282,14,1970
146551,8,1980
196370,8,1980
385766,20,1970
200448,15,1950
24113,14,1990
160428,16,1970
73914,15,1950
69348,11,1940
519715,11,1940
36934,11,1950
169124,11,1960
199229,6,1930
393031,14,1960
28619,15,1970
491174,14,1990
6563,11,1950
349180,14,1970
176256,14,2000
17937,20,1960
295976,20,1980
200777,20,1940
720786,11,1930
38100,20,1940
331473,11,1970
164189,14,1990
257160,14,1990
127889,17,1980
86750,11,1960
603036,15,1940
892586,14,1970
14724,14,1980
753104,10,1960
568622,11,1940
769388,11,1930
800475,15,1990
960874,15,1980
22875,14,1990
105030,14,2000
107556,14,1990
313128,10,1980
66276,12,1930
104741,12,1950
176360,6,1990
476645,16,1960
347451,14,2000
136124,8,1990
406657,14,1990
290775,11,1940
523661,6,1950
213273,14,1980
793898,14,1980
125829,14,2000
147481,8,1990
340364,15,1970
228058,11,1960
358055,15,1990
829033,14,1970
5366,12,1950
247004,12,1960
248885,12,1960
267435,6,1990
335937,12,1950
761478,11,1950
337015,11,1950
85445,15,1950
107466,6,1970
252026,11,1940
214383,14,1970
194578,14,1980
243777,20,1940
11620,14,1960
120067,12,1970
362922,12,1960
477001,14,1980
604924,15,1960
74397,11,1970
803162,11,1950
40743,14,2000
391177,15,1990
548020,12,1970
110564,12,1960
12491,14,1980
413683,2,1970
754587,14,1970
762618,20,1950
276592,11,1930
20984,14,1940
166658,14,1980
565521,15,1970
359555,13,1980
276626,14,1970
609590,14,2000
753422,14,2000
138560,11,1930
748088,7,1930
754767,7,1930
115544,15,1980
292876,12,1960
230886,10,1930
584695,2,1940
32807,2,1960
603621,10,1980
317571,14,1990
125569,15,1980
36975,14,1970
251474,16,1970
191070,14,1970
332641,9,1960
122381,14,1960
663424,15,1960
869708,11,1940
656420,12,1930
832507,14,1990
43520,2,1990
81836,13,1970
620126,19,1970
97395,14,1980
98467,14,1970
937397,14,1960
178371,14,1980
812480,9,1960
11046,14,1990
490852,14,1990
746302,14,1990
332536,11,1970
334243,14,1960
595559,14,1960
855619,14,1990
90018,11,1960
360956,11,1940
355142,14,1960
857621,14,1990
518252,12,1990
72716,6,1980
630603,6,1950
85397,15,1990
212810,17,1980
483716,14,1970
337404,12,1990
17060,8,1990
753868,14,1990
193594,20,1990
793456,14,1990
49026,14,1990
206658,14,1950
961427,18,1970
860561,14,2000
159410,14,1990
467444,14,1990
577358,14,2000
852405,15,1960
48265,14,1990
921359,14,1950
167296,14,1960
470588,14,1960
778656,15,1970
934243,14,1970
146088,9,1950
579823,6,1970
185999,14,1990
209517,15,1950
243418,6,1990
419102,14,1990
670641,11,1930
205627,16,1980
866271,14,1980
175025,14,1980
307102,14,1990
521674,11,1970
376793,14,2000
207290,14,1990
890559,14,1990
614933,14,2000
777009,14,2000
84886,15,1970
508391,15,1970
919418,14,2000
127301,8,1990
8125,15,2000
31442,14,1980
29604,14,1960
558954,14,2000
138071,14,2000
664770,14,2000
760214,14,1990
937150,8,1990
894962,14,2000
808155,8,1980
43572,8,2000
818702,14,2000
1426748,10,2000
913130,15,2000
478173,15,1990
840708,14,1990
923063,8,1990
388773,8,2000
487219,19,1980
511257,14,1980
800695,14,1990
666244,14,2000
14201,9,1980
887513,18,1970
59758,14,2000
749273,6,1980
807869,6,1990
134761,6,1990
1824831,12,1990
255268,16,1990
952786,14,1990
627026,15,2000
2717459,14,2000
1409777,15,1990
691371,14,1990
57280,15,1990
94792,14,1990
367188,14,2000
503460,14,2000
859589,14,2000
994823,14,2000
2124046,14,2000
664272,15,2000
1009342,6,2000
221059,14,1990
1611,8,2000
919239,14,1980
825883,6,2000
92107,15,2000
124825,6,1990
812239,6,2000
39828,15,1980
185591,14,2000
312062,2,1960
710448,14,1990
230963,17,1980
16574,8,1990
134051,14,1990
380651,14,2000
811395,8,1990
399733,6,1980
222153,14,1990
258000,15,2000
673752,15,2000
933458,15,2000
846634,15,2000
469519,14,1990
1589051,15,2000
648106,8,2000
151988,12,1990
540139,12,1960
868063,12,1990
503242,6,2000
3426,15,2000
631275,14,2000
497236,15,1990
184677,8,2000
791609,8,2000
793848,8,1990
2165952,14,2000
717419,8,2000
166505,14,1990
663645,14,2000
16186,15,1990
681718,14,2000
237773,14,1990
639748,14,1990
44776,14,1990
386560,14,2000
562850,14,2000
159340,15,2000
782163,15,1990
863733,15,2000
3214680,1,2000
277572,14,1990
662416,14,2000
843995,14,1990
923745,14,1990
2960510,8,1990
771838,15,1990
318882,6,2000
84446,15,2000
109628,14,2000
9218,14,1980
181817,15,1980
814387,15,2000
3413511,15,2010
233136,14,1990
879144,8,2000
985124,15,2000
1028077,15,1990
472102,14,2000
331400,6,1980
676818,6,1990
1573712,8,2000
2450537,8,2000
2995948,14,2010
2397780,14,2010
128873,14,1990
755918,14,2000
46814,6,1990
548397,14,2000
720741,14,2000
922398,14,1990
1013375,14,2000
468938,15,2000
124248,8,1990
1714462,8,2000
798658,14,1990
572508,8,2000
854866,8,2000
945951,8,1990
1032082,14,2000
749743,14,1990
528243,14,2000
990368,14,2000
94861,14,1990
182302,14,2000
755152,14,2000
896216,14,2000
990366,14,2000
587631,8,1990
1422105,14,2000
325727,12,1990
793225,8,2000
1029659,14,2000
2063135,8,2000
128143,15,2000
73682,15,1990
677241,15,2000
219428,14,1990
1717415,8,2000
115554,15,1990
2048033,14,2000
2290007,14,2010
2435745,8,2000
280897,14,2000
187422,14,2000
987777,15,1990
105462,15,2000
581713,15,1990
944700,14,2000
996127,14,2000
670734,14,1990
1055021,14,2000
266063,15,2000
822089,14,1980
2570457,15,2000
736318,14,2000
866215,14,2000
485365,14,1990
569600,14,2000
780948,8,1990
19740,15,2000
215513,15,2000
405142,15,1990
619536,15,2000
849405,15,1990
2592086,15,2010
1072350,14,2000
2031918,14,2000
2867436,14,2010
3161008,15,1960
546738,15,2000
2393596,8,2000
366681,14,2000
178301,8,2000
935739,15,2000
122219,15,1990
180516,14,1990
130037,6,1990
580300,14,1990
588246,14,2000
1507678,14,2000
2873356,14,2000
861252,6,2000
1028746,6,2000
1035160,8,2000
2412330,8,2000
2782403,8,2010
2674162,15,2010
479149,14,1990
95176,8,1990
284939,12,1960
586843,14,2000
985076,14,2000
1391526,14,2000
2639628,14,2000
325357,14,2000
573391,14,2000
460390,14,2000
80358,14,2000
2598627,14,2010
274637,15,2000
50581,12,2000
52062,12,1980
2385504,12,2000
2507287,14,2010
2766592,14,2010
1599476,6,2000
2365087,8,2000
2659130,15,2000
3006966,14,2010
588887,14,1980
2814183,14,2010
261309,16,2000
2518003,16,2000
2896351,16,2000
74,14,1980
589,14,1980
1589,4,1960
2578,14,1980
2750,15,1990
2867,14,1970
3226,14,2000
4358,16,1990
4458,13,2000
4553,15,1970
4955,14,1990
6568,15,1980
6860,12,1990
7031,6,1980
7974,6,1980
8570,14,2000
8591,14,2000
9437,6,1980
9490,14,1990
9787,14,1990
9970,14,1990
11052,6,1990
11210,15,1990
11506,14,1990
11608,2,1990
11664,14,1990
12570,16,1990
12595,14,2000
12972,14,2000
13038,11,1990
13101,13,1980
13583,14,1990
13755,14,1960
14329,17,1970
14699,14,1980
14757,4,1990
14822,14,1990
14931,15,1990
14959,14,1960
15405,14,1970
15856,15,2000
16227,15,1960
16235,14,1960
16925,11,1940
17021,14,1990
17882,20,1940
18513,11,1980
18691,14,1990
18828,14,2000
18862,14,1990
19029,14,1980
19133,14,1970
19392,14,1990
19831,14,1990
19953,15,1970
20028,14,1970
20729,14,1990
20812,14,1980
20919,8,1990
20971,11,1980
21008,6,1990
21492,14,1990
21670,14,1990
22020,11,1980
22369,14,1990
22574,7,1960
22602,14,1990
22981,14,1980
23147,11,1970
23202,8,1980
23411,6,1980
23925,14,1970
23982,2,1980
24139,14,1960
24152,14,1960
24309,16,2000
24329,8,1990
25142,14,1990
25236,14,1990
25965,11,1990
26161,10,1990
26637,14,1980
27102,14,1960
27221,14,1990
28015,11,1950
28863,14,2000
28918,14,1970
29365,14,1980
29600,14,1990
30250,4,1940
31158,18,2000
31617,14,2000
31697,14,1970
31765,14,1990
31823,8,1990
31969,14,1990
31971,14,1970
32045,13,1980
32301,14,2000
32333,17,1990
32409,14,1990
33481,6,1990
33995,15,1980
34382,14,1970
34867,15,1950
34880,14,1990
36312,6,2000
36327,15,1990
36849,6,1950
37026,6,1960
37197,20,1960
37931,14,1980
38321,14,1990
39342,14,1990
39406,14,1990
39637,14,1980
40124,14,1990
40648,14,2000
41283,14,1990
41462,15,2000
41976,14,1990
43348,14,1970
44663,14,2000
44998,12,1990
45287,15,2000
45379,11,1980
45745,10,1980
45941,18,1990
46429,11,1990
46626,6,1990
48061,14,2000
48126,14,1990
48811,14,1990
48903,15,2000
49163,8,1980
50588,14,1970
50967,6,2000
51230,8,2000
51603,4,1990
53204,12,1960
53221,14,1990
53441,7,1940
53606,15,1960
53916,15,1960
54982,12,1990
55778,14,1990
55939,11,1970
56193,8,1990
57151,14,1990
57205,11,1980
57577,6,2000
57636,8,1970
57923,6,1950
58947,14,1970
59949,15,1970
59989,14,1990
60012,14,1980
61041,14,1990
61792,14,1980
61912,6,1990
62412,15,1990
62455,17,1970
62609,14,1990
63340,14,2000
64149,14,1980
64830,20,1950
65040,14,1990
65620,14,1960
66514,14,1990
67529,12,1990
69805,6,1950
70586,14,1990
70704,16,1990
71166,14,1990
71636,20,2000
72109,14,1980
72861,8,1990
72941,14,2000
72998,14,1990
73444,14,1990
73553,14,1960
73969,14,2000
74005,11,1980
74520,14,1990
74776,14,1960
74952,13,2000
75308,14,1980
76788,6,2000
77264,14,1980
77578,14,1980
77952,14,2000
77963,14,1990
78467,14,1980
79959,14,1990
80340,14,1990
80494,14,1990
80609,14,1980
81248,8,1990
81739,6,2000
81832,14,1970
81841,11,1950
81849,11,1980
82149,15,1980
82955,15,1960
83106,6,1950
84387,14,2000
84777,14,1980
85271,14,1990
86250,14,2000
86828,14,1990
87697,15,2000
87741,14,1990
88587,15,2000
89071,14,1980
89306,14,1980
89828,11,1970
89870,14,2000
89873,6,1990
90174,14,2000
91312,18,1990
91549,14,1990
91651,14,2000
91763,15,1970
91852,10,2000
92507,14,1990
93565,14,1990
93859,14,1990
93872,15,1990
96679,14,1970
96701,10,1990
96804,14,1980
97065,14,1990
97200,14,1990
97203,6,1990
97426,11,1950
97509,15,1960
97654,14,1960
98361,14,2000
98688,6,1990
98707,14,1990
99508,14,2000
99730,12,1980
99770,14,2000
100197,17,1990
100496,14,1980
100575,17,1990
100840,14,1970
101072,14,2000
101575,12,2000
102750,14,1990
102964,14,1990
103460,20,1970
103600,11,1990
104217,17,1990
104548,14,1990
105329,11,1990
105638,14,2000
105685,14,1970
106145,15,1990
107753,12,1990
107950,14,1990
108249,20,1990
108283,12,1970
108340,14,2000
108774,9,1980
109012,14,1960
109202,14,1990
109263,14,1990
109542,14,1990
109784,14,2010
110011,14,1990
110454,12,1990
110791,14,1990
110792,14,1970
110945,15,1980
111969,17,1990
113082,14,1980
113721,11,2000
115079,2,1940
115140,14,1960
116425,14,2000
116465,16,2000
117356,15,1990
118243,2,1980
118503,6,1970
118665,15,1990
118798,14,2000
119058,19,1980
119469,14,1980
119655,14,1990
120163,14,1990
120411,14,1960
121236,14,2000
121584,13,1970
121778,14,1990
121863,14,1990
122738,2,1980
122795,15,1960
124881,6,2000
125088,14,1990
125940,12,1990
126168,15,1990
126287,14,2000
126731,14,1990
127898,14,1980
128231,14,1980
128244,14,1980
129254,6,2000
129551,14,1990
129591,15,1950
129945,6,1970
130418,16,1990
130552,14,1990
130686,11,1980
130922,13,1990
131603,14,1990
132856,15,1980
133177,15,1980
133420,14,1980
133883,12,1990
133957,14,2000
133988,18,1990
135740,14,2000
137430,15,1980
137904,14,2000
137980,14,1980
138235,14,1990
138335,15,1960
139212,14,2000
139475,12,1980
139566,11,1950
139655,14,1970
141683,14,2000
141774,11,1980
141893,14,2000
142963,14,1980
143490,13,2000
143781,14,1980
144629,14,1960
145489,11,1990
146478,14,1980
146755,14,1980
147306,6,1970
147468,14,2000
147785,14,1990
148004,14,2000
148227,14,1990
149102,14,1990
150181,14,1970
151240,11,1970
151504,14,2000
152384,14,1980
153103,14,1970
153129,15,1980
153630,14,1990
153933,14,1960
154297,14,2000
154822,14,1990
155091,14,1990
155170,17,1990
155801,14,1970
156122,14,1990
156484,14,1990
156749,6,2000
156950,6,1990
157063,15,1970
157377,13,1980
158018,14,1990
158765,14,1980
160742,20,1990
161436,16,1980
161637,11,1950
162265,12,1980
162794,10,1970
162943,14,2000
163059,14,2000
163213,15,1990
163435,12,1980
163977,15,1980
164175,14,1990
164504,14,2000
165076,14,1980
165077,17,1990
165117,15,1980
165354,14,1980
165652,14,1990
166025,11,1940
166033,12,1980
167762,14,1990
168126,14,1990
169088,15,1970
169189,14,1990
169818,15,1990
169948,11,1970
170214,7,1950
170758,14,1990
171015,11,1980
171220,11,1970
171726,12,1980
171854,16,2000
171889,16,1990
172205,14,1990
172770,6,1960
173007,11,1950
173647,14,1970
174007,14,1980
174198,14,1990
174506,11,1960
175049,14,1980
175459,14,1990
175525,14,2000
175538,15,1970
175579,14,1990
175992,14,1990
176083,11,1990
176148,6,1970
176859,11,1960
177117,14,1980
177336,14,2000
177372,12,1990
177856,12,1990
177957,16,1970
178051,8,1990
178143,14,1970
178345,14,1980
178549,14,1970
178654,11,1970
178750,15,1970
179105,9,1990
179191,14,1980
179636,14,1990
179714,4,1950
180503,14,1970
181719,14,1990
183311,14,1980
183699,10,1980
183777,14,1970
184199,6,1990
184208,10,1990
184406,11,1990
184451,17,1990
185617,14,1980
186440,14,1990
186481,14,1980
187172,14,1990
188206,15,1990
188261,14,1960
188467,14,1970
188697,16,1990
188809,18,1970
189229,6,1990
189831,11,1960
189848,11,1950
190843,14,2000
191175,14,1970
191983,14,1990
192840,14,1970
193305,15,2000
194008,14,1980
195373,10,1950
195634,15,1970
196200,20,1950
196254,11,1990
196976,6,2000
197475,14,1980
197582,15,1950
197757,14,1980
199089,14,2000
199194,9,1970
200322,11,1950
201593,14,1980
201668,14,1990
201716,6,1990
202084,14,2000
202089,15,1990
202162,14,1990
203592,4,1990
203764,14,2010
203765,14,1980
204847,14,1990
204850,11,1960
205442,14,2000
205838,14,1990
205959,8,2000
206167,14,1980
206668,15,1990
207360,8,2000
208893,14,2000
209019,14,2000
210142,2,1970
210143,14,1980
210276,14,1980
210830,15,1990
211146,14,1960
211578,14,2000
212006,6,1990
213561,8,1990
214580,14,1990
215296,14,1990
215997,14,2000
217344,14,1990
217994,14,1990
218473,14,1990
218709,11,1980
219287,20,1970
220024,8,1990
220403,12,1980
221426,14,2000
221660,11,1950
222387,14,1980
222748,14,1980
223523,14,1990
223683,16,1980
223861,14,2000
224345,14,1990
225607,11,2000
225690,5,1990
225944,10,1970
226420,15,2000
226908,11,1950
227708,17,1960
228180,15,1980
228371,14,1980
228889,14,1970
230105,5,1980
230244,14,1990
230297,14,2000
230845,14,1980
231013,12,1980
231225,14,1990
231342,14,1990
231397,15,1990
233300,16,1970
234192,14,1960
237668,14,1980
238686,15,1990
238968,14,1980
240009,2,1970
240267,6,1960
240503,14,1970
241635,14,1960
241650,8,1990
242578,14,2000
242949,11,1990
243238,10,1970
244048,15,1990
244608,14,2010
245250,12,1980
245513,14,1990
245534,6,1970
246032,14,2000
246127,15,1990
246487,11,1970
247065,14,1990
247699,14,2000
247963,14,1990
249444,12,1990
249528,14,2000
250798,8,1980
251206,6,2000
251437,8,1990
251851,15,1990
252315,16,1990
252495,20,1960
252509,15,1960
252513,14,1960
253076,8,1990
253137,14,1990
253296,6,1950
253657,14,1990
253914,10,1980
254083,16,1980
254411,14,2000
254827,6,1980
254972,14,1980
255051,14,1990
255377,11,1950
255576,14,1980
256482,20,1970
256528,15,1990
256557,14,1980
256951,14,2000
256974,15,1970
257364,15,1950
258514,14,1990
258567,14,1990
258947,8,1990
260007,20,1930
260384,14,1980
261106,14,1980
261623,14,1990
263271,14,1990
263995,9,2000
264430,14,1990
264499,14,2000
264617,14,1990
266129,15,2000
266151,6,1980
266503,15,1960
268700,14,1990
270060,6,1960
270243,12,2000
270770,10,2000
272563,14,1990
272713,20,1930
275335,20,2000
276917,11,1930
277059,14,2000
277496,14,1980
277764,6,2000
279308,6,1990
279315,14,1990
279395,16,2000
281225,14,2000
281953,11,1980
282752,14,1970
282912,10,1990
283015,15,1990
283335,14,1980
284207,14,1990
284546,14,1970
286092,13,1970
286439,12,2000
286518,14,1980
286572,14,2000
286639,14,2000
288350,17,2000
288985,11,2000
289058,14,1980
291235,15,1980
293448,14,1980
293969,8,1990
294126,14,1990
295274,14,2000
295285,14,1980
295933,14,1990
297569,14,1990
300578,14,2000
302026,14,1980
302955,16,2000
303422,10,1990
305335,14,1980
306851,8,1980
307083,14,1980
307913,9,1990
308013,14,2000
309839,6,1950
310724,14,1970
310905,14,1990
312004,12,1990
312464,18,1980
312657,14,1990
313521,14,1990
314576,6,1990
314923,8,2000
315104,12,1980
316269,14,1980
317129,9,2000
319846,14,2000
319956,14,2000
320470,15,2000
321126,15,1980
321944,17,1990
322365,14,1990
322765,15,1980
323641,14,1990
328201,14,2000
328824,15,1990
328956,14,1980
329542,14,2000
329978,14,2000
330061,14,1980
331323,14,1990
331666,13,1990
333648,14,1990
334041,6,1990
334054,14,1960
334216,14,2000
335431,11,1990
338287,11,1970
338593,12,2000
340527,6,1990
342004,6,1990
343215,15,1970
344037,14,1990
344332,6,1950
344609,14,1980
345227,14,2000
345426,11,1980
345708,14,1990
346684,14,1990
346806,14,2000
347741,6,1990
348884,6,1950
350139,14,1990
350892,11,1950
352164,11,1940
352575,15,1990
352770,14,1980
354609,14,1980
355052,11,1990
355208,14,1990
355998,15,2000
356422,20,1980
357057,11,1940
358528,6,1990
359123,14,1980
360948,12,1990
361541,14,1990
363307,12,1980
363327,8,1990
365821,15,1980
367156,14,1980
367231,14,2000
367272,10,1980
369183,14,2000
369955,14,2000
370326,14,2000
372986,17,1990
375101,13,2000
376888,2,1950
377035,15,1970
377060,11,1950
380737,14,2000
382630,14,2000
382671,16,1990
383056,14,2000
383853,6,1980
385393,14,1990
385797,14,1990
387097,15,2000
387219,14,1990
387352,6,1950
388167,11,1990
389378,14,2000
390185,14,2000
390743,14,1990
391151,14,2000
391586,14,2000
392856,14,2000
392925,6,2000
394013,15,2000
394325,11,2000
395633,14,1980
397156,6,1990
397794,14,2000
398020,17,1990
398892,14,1980
398909,11,1980
399249,11,1980
399361,14,1990
400717,14,1990
402117,14,2000
403784,17,2000
404136,14,2000
404529,5,2000
404734,14,1990
405113,11,1940
405494,14,1970
405732,14,1990
406589,14,1990
407101,14,1970
407331,15,1980
407942,13,1980
408500,15,1980
409985,6,2000
411487,11,2000
412715,12,1960
413405,11,1980
413853,14,1990
418519,11,1990
419197,8,2000
422658,14,1990
422891,15,2000
423467,15,1990
428329,14,2000
428725,14,1990
444140,14,2000
447241,14,2000
448144,14,1990
448152,14,1990
448207,14,1990
450883,14,2000
451398,14,2000
453009,14,1990
453908,6,1960
454240,6,1930
457692,14,1970
459860,14,2000
460553,12,2000
461391,14,1980
461698,14,1990
463663,8,1990
464348,14,1990
466442,12,1980
471645,14,2000
473652,14,1970
473909,14,1990
474150,14,2000
475010,14,1990
475511,14,1990
475650,14,1980
476248,14,1970
476282,14,2000
476425,14,2000
476541,14,2000
476558,14,2000
476599,16,2000
476744,14,1990
477787,14,1990
477793,14,1990
479204,15,1970
479772,14,1970
480549,14,2000
480984,14,2000
481827,6,1990
483473,14,1990
483563,14,1990
484880,6,2000
484890,14,2000
485118,14,2000
485204,14,2000
485689,15,1990
486115,14,1960
486395,14,1980
487357,16,1990
487614,8,1990
488394,14,2000
489435,14,2000
490805,14,1960
491565,14,1980
494016,14,1980
494038,14,2000
494774,14,1990
495547,14,1990
495702,15,1970
497277,14,2000
498241,14,2000
498484,14,1990
499683,11,1970
499745,8,1990
499780,12,1990
501537,14,2000
501860,14,1990
502198,6,2000
502269,14,1980
503247,15,2000
507558,12,1990
507955,14,1990
507975,11,1950
510953,14,2000
513813,5,1990
515156,9,1970
515600,15,1960
515641,14,1980
515750,17,1960
515790,11,1980
517796,14,1950
518937,8,1990
519954,18,2000
521564,11,1990
522430,12,2000
524634,8,1990
529050,14,2000
531653,14,2000
532610,15,2000
533042,12,2000
533503,14,2000
533551,14,1990
535892,14,1990
536035,6,1950
536321,14,2000
537414,14,2000
538840,12,1970
540742,14,2000
540867,14,2000
541760,6,2000
543169,12,1980
544965,14,2000
546205,11,2000
546735,14,1960
546926,14,2000
546976,14,2000
548180,14,2000
550940,14,2000
551762,14,2000
551872,14,2000
554804,6,2000
556199,14,1990
556292,14,2000
557191,14,2000
557905,14,1990
559501,11,1970
559785,14,1980
559927,15,1990
560554,14,1990
561037,14,2000
562105,14,2000
562144,14,2000
562615,14,2000
563390,14,2000
566138,14,2000
566448,6,2000
566988,14,1980
567153,14,2000
567294,14,1980
567769,14,2000
567959,15,1970
569064,15,1970
570155,14,2000
571258,14,2000
571472,16,1990
572105,17,1990
572327,14,1990
572578,14,1980
574035,14,2000
576072,15,1970
577701,10,1980
579037,14,2000
579234,6,2010
581859,14,1950
582419,14,1980
582463,14,1990
582629,14,2000
583843,14,1980
585210,14,1980
585874,13,2000
586319,12,1990
588145,8,2000
588918,6,1990
589209,11,1990
589256,11,1950
589767,14,1990
589802,15,1970
592161,14,2000
593772,14,1960
594113,14,1990
594309,14,1990
594765,1,1990
595969,12,1990
597269,14,1990
597314,14,1990
599777,15,1980
600264,14,1980
600386,8,1980
600435,14,1990
600720,16,1980
601697,14,2000
603226,14,2000
603980,5,1960
604090,8,1990
604702,14,1990
607105,12,1970
612095,14,2000
614830,14,2000
615247,14,2000
616664,14,1980
616979,15,1970
617980,14,1980
618589,14,1990
618713,14,1980
618726,6,2000
619460,14,1980
620759,14,1960
621112,15,1990
622277,15,1990
622604,15,1970
623443,11,1990
624107,14,1980
624190,14,2000
624282,14,2000
625203,14,1980
625731,14,1990
626115,17,1970
626310,14,1980
626774,14,1980
626939,14,1990
627787,6,2000
628571,12,2000
628912,14,1990
630845,15,1970
631071,11,1930
631078,6,1970
631667,14,2000
632233,6,2000
632986,14,2000
633044,10,1960
633080,14,1980
633313,14,2000
633358,15,2000
634463,14,1990
635425,14,2000
635760,11,1970
635930,14,1990
636511,14,2000
636841,6,2000
638603,9,1960
638632,8,2000
638918,11,1940
638960,20,1940
640208,14,2000
641111,2,1950
642354,16,2000
643543,14,2000
643682,8,2000
643755,14,2000
644216,5,1990
645956,14,1990
646260,6,1970
647156,14,2000
647246,14,1980
650362,14,2000
651848,12,1990
651972,15,1990
652178,14,1990
652192,14,2000
656021,14,2000
656541,14,2000
657041,14,1960
657062,8,2000
660155,8,2000
660244,14,2000
662149,11,1960
662225,14,1990
662545,15,1990
663255,14,2000
664457,14,2000
665824,11,1950
665945,14,1990
666073,8,2000
666623,14,2000
667657,14,2000
667738,14,1970
668222,14,2000
669057,6,1980
669194,14,2000
670273,14,1990
671204,14,1990
671452,14,2000
672411,14,1980
672835,14,2000
672918,12,1990
673082,11,1980
673883,14,1990
674417,5,1990
674749,20,1960
674937,17,1970
675351,15,2000
675500,14,2000
675728,17,1990
675976,14,1990
676313,15,1990
677089,20,1980
678098,14,2000
678459,2,1970
678650,14,1980
678769,14,1990
679749,14,2000
683921,16,1990
684612,11,1980
686359,14,1990
689836,9,1970
689965,2,1960
691616,14,2000
694273,14,1980
694325,7,1970
695943,12,2000
697391,15,1990
701790,17,2000
711954,14,2000
716469,14,2000
717234,14,2000
721409,14,1990
721416,14,2000
722133,14,2000
722448,14,2000
723868,14,2000
724598,8,2000
725175,14,2000
726201,14,2000
726942,14,2000
727318,14,2000
729857,15,2000
732652,6,2000
733717,15,2000
737969,11,1970
739713,14,2000
739975,14,1990
740569,14,1970
741127,14,2000
741512,14,1980
741671,12,2000
741692,15,1980
743623,14,1990
743709,14,1990
744736,10,1980
746128,14,1990
746409,14,1990
746470,14,1980
746707,15,1990
747028,18,1970
747200,15,1980
747561,8,1990
747761,14,1990
748827,11,1950
748933,9,1990
749132,14,1980
749335,14,2000
750146,18,1970
750895,14,2000
751201,12,1980
752022,14,1990
752094,14,2000
752150,5,1980
752613,14,2000
752812,14,1990
753004,11,1950
753056,14,1990
753098,14,1980
753254,14,1960
753570,2,1950
753598,16,1990
753742,14,2000
755030,14,1970
756754,14,2000
757093,15,2000
757251,6,1980
758402,14,1990
758661,18,1950
759187,15,1990
759454,14,1990
759694,11,1970
760238,14,2000
760417,14,1980
760658,14,2000
761109,14,1990
762097,14,1990
762496,14,1990
762663,14,2000
763670,11,1990
763747,14,1990
763831,6,1950
765494,11,1970
765997,12,1960
766354,14,2010
766444,14,2000
766557,14,1990
767404,11,1980
767558,14,2000
768241,8,1990
768367,20,1970
768455,14,1980
768585,14,1990
768737,14,1980
769638,20,1990
770628,6,1940
770853,6,1960
771388,14,1990
773063,11,1980
773615,18,2000
773666,14,2000
774227,14,2000
774909,2,1970
774983,13,1990
775212,4,1970
775254,14,1990
775446,14,1990
775494,15,2000
775588,14,1980
775694,14,2000
775850,12,1990
775904,14,1970
776406,8,2000
776408,14,1990
777054,20,1990
777366,8,1990
777466,14,1960
778526,14,1990
778655,14,1990
778925,14,2000
778960,14,2000
779146,9,1990
779599,14,1980
780955,14,2000
781680,10,1970
782297,14,1990
782375,14,1970
784010,14,2000
784056,15,2000
784122,15,2000
784535,14,1990
784597,3,1990
784811,14,2000
785500,11,1970
785817,15,1950
786126,18,1970
787428,14,1990
787579,14,2000
788347,14,1990
789055,14,1990
789754,8,2000
790224,12,1990
790496,11,1970
791308,15,1990
792190,15,1960
792348,15,1970
792839,15,1980
792852,14,1990
793108,14,2000
793913,14,1980
794161,14,2000
794257,14,1990
794306,14,1980
794401,14,2000
794419,2,1950
795053,15,2000
795271,11,1960
795288,4,1940
795387,2,1960
795905,10,1970
797470,11,1950
798587,14,1990
798751,14,1980
800492,18,1950
802048,15,1980
802382,17,1990
803115,14,1990
803469,14,1990
803513,14,1980
803533,17,1980
804338,14,1990
804516,14,1990
804635,14,1970
805225,14,1990
805493,15,1960
806523,2,1950
806601,11,1990
807181,11,1980
807294,8,1990
807361,15,1990
807428,12,1990
808003,6,2000
808304,14,1960
808388,14,1980
808613,11,1990
808626,3,1950
809900,20,2000
810166,14,1980
810912,14,1970
810996,14,2000
811178,15,1990
812040,15,1970
812476,14,1990
812741,14,1990
812877,14,1990
813910,14,1990
814312,14,1960
814530,17,1990
815837,15,1980
816267,4,1980
816844,14,2000
818576,13,2000
818627,14,1990
820596,14,1950
820780,5,1990
821252,6,1960
821675,14,1980
822913,12,1980
823762,15,1990
824406,14,1990
824879,11,1950
824895,14,1970
825209,14,1990
825793,14,1980
826936,14,1990
827224,12,1960
827760,15,1980
827859,8,1990
828349,12,1990
829717,14,1980
830063,11,1960
830890,9,1990
832833,14,1990
833539,15,1990
833610,5,2000
835085,15,1980
836103,12,1980
836376,12,1990
836737,10,1970
837311,14,1980
837328,10,2000
837526,14,1990
837886,14,1990
838327,14,1990
838847,14,1990
838884,17,1980
839037,14,1970
839432,14,1990
840348,14,2000
840812,14,2000
841160,14,1990
841870,14,1990
841881,15,1970
842379,14,1980
842492,11,1970
844043,14,2000
844440,14,1990
845196,11,1970
845918,14,2000
846671,14,1960
847703,14,1950
847756,20,1960
851205,14,2000
851240,14,1990
852656,14,1980
852718,14,2000
852970,11,1980
853254,8,1990
855034,14,1990
855655,12,1990
857887,14,2000
858006,14,1980
858788,14,1980
859026,12,1990
860985,17,1990
860996,6,1990
861057,14,2000
861600,14,1990
862343,14,2000
862761,14,2000
862855,14,2000
862902,13,1990
865403,14,2000
866767,14,1970
866769,10,1990
867307,14,2000
867978,14,2000
867980,12,1990
868086,15,2000
868628,14,1990
869364,15,1980
870646,14,2000
870809,17,1990
873085,14,1970
882431,14,1980
883069,14,1990
883619,14,1970
884251,14,2000
884269,14,1980
885138,14,1990
885298,20,1990
885387,14,1990
885569,20,1990
886648,14,1990
887235,14,1990
887990,18,1990
888262,14,1990
888394,15,1970
888942,3,1970
889276,11,1970
890683,12,1980
891911,15,1970
894930,14,1990
895074,14,1980
895365,14,1980
896041,6,1980
896309,12,1980
896600,14,2000
897035,14,1990
897382,14,1990
907868,15,2000
911827,14,2000
912566,18,2000
914671,5,2000
915816,14,2000
915835,14,2000
916783,14,2000
918111,14,2000
918140,14,2000
919717,14,1980
920004,14,2000
920165,14,1960
921024,14,1990
921554,17,1970
921888,16,2000
922301,14,2000
922704,14,2000
923208,14,2000
923332,14,2000
923497,18,1980
924306,14,1990
925635,15,2000
925636,14,1990
926021,15,1990
926085,14,1990
927278,13,1990
929659,14,2000
929673,14,1990
930651,8,1990
931015,14,1970
931869,18,1970
932328,14,2000
932922,15,1970
933621,14,1980
933927,14,1990
934305,11,1990
934367,14,2000
934801,14,1990
935117,11,1990
935413,16,1980
936009,15,1990
936126,15,1940
936521,18,1980
937242,11,1970
937703,9,1950
938337,14,2000
938487,16,1990
938798,14,2000
939033,6,2000
939871,17,2000
940246,14,2000
943649,1,1940
944643,18,1950
945245,14,1990
945687,5,1990
945711,11,1980
946940,15,1990
948080,14,1980
948625,14,1990
949025,14,1990
949204,14,2000
949579,14,2000
949980,14,1980
950777,6,1950
950805,14,1980
951589,14,1990
951825,14,1990
952503,14,2000
953102,14,1990
954189,14,1980
954322,14,2000
954592,14,2000
955700,11,1990
955773,7,1960
955936,14,1960
956088,14,1990
956675,6,1980
958087,14,2000
958117,11,1970
958444,14,2000
959490,6,1960
963992,14,1990
977198,14,2000
977209,14,2000
978359,14,2000
983872,8,2000
984877,14,2000
985047,14,2010
986573,14,2000
986695,14,1990
987643,14,1980
988307,14,2000
988448,14,2000
989528,14,2000
989540,14,2000
992260,8,2000
992751,8,2000
992857,14,2000
993302,14,2000
993494,15,1990
996075,14,2000
996096,14,2000
996141,14,2000
996795,14,2000
997568,15,2000
997588,14,2000
998969,14,2000
999790,8,2000
1000302,14,2000
1000558,14,2000
1002017,14,2000
1002889,6,2000
1003087,14,2000
1003907,14,2000
1006451,14,2000
1011101,14,2000
1011315,8,2000
1011504,14,2000
1013037,14,2000
1013109,14,2000
1019495,14,2000
1019633,14,2010
1032216,15,2000
1032454,14,1960
1036613,5,2000
1038956,15,2000
1039555,14,2000
1041338,14,2010
1050323,14,2000
1061166,14,2000
1061368,15,2000
1061504,6,1950
1062118,14,2000
1072783,11,2000
1084430,14,2000
1098849,1,2000
1176481,14,1970
1194716,14,2010
1213943,14,1960
1232396,14,2000
1273359,15,1990
1276114,16,1980
1352264,4,1950
1379627,6,2000
1390230,14,2000
1393036,14,2000
1393658,14,1970
1405469,14,2000
1435165,18,2000
1449541,6,1990
1451327,14,2000
1453090,5,2000
1456229,6,2000
1459978,14,1980
1471849,12,2000
1476233,16,2000
1482685,10,1990
1502854,14,2000
1528100,14,2010
1545319,15,2000
1563731,17,1990
1580437,6,2000
1583976,14,2000
1585751,14,2000
1590871,14,2000
1591840,15,2000
1593570,14,2000
1596642,14,2000
1598199,8,2000
1619044,15,2000
1620705,14,1960
1629657,14,2010
1630569,14,2000
1740826,14,2000
1772438,14,2000
1781875,6,1970
1784311,10,1960
1814388,14,2010
1836313,14,1980
1944458,17,2000
1957634,14,2000
1960811,14,2010
1968188,14,2000
1971972,15,2000
1973181,6,2010
1984584,15,2000
1988927,14,2000
2003453,6,2000
2010336,14,2000
2014409,14,2000
2016362,8,2000
2034242,15,2000
2035658,14,2000
2036252,8,2000
2040645,14,2010
2043318,14,2000
2043528,14,2000
2055729,14,2000
2059306,15,2000
2060288,14,2000
2061191,6,2000
2064609,14,2000
2080238,14,2000
2085875,8,2000
2089077,14,2000
2113374,14,2000
2114297,17,2000
2115414,14,2000
2118074,14,2000
2120504,17,2000
2128228,14,2000
2129441,14,2000
2133637,14,2000
2135629,14,2000
2136598,14,2000
2138857,14,2000
2139934,14,2000
2142078,15,2010
2142940,14,2000
2264745,14,2010
2285572,14,1960
2289986,14,1990
2312742,14,2000
2336424,6,2000
2363198,14,2010
2366358,15,2000
2367865,12,2000
2370408,14,2010
2372262,6,2000
2373828,15,2010
2376287,14,2000
2377304,6,2010
2393563,15,2000
2394289,14,2010
2395521,14,2000
2397707,14,2000
2397826,14,2000
2398414,14,2000
2401289,15,2000
2406958,15,2010
2424073,15,1990
2424501,8,2000
2437431,14,2000
2440425,14,2010
2444397,15,1980
2455573,14,2000
2468217,6,2000
2478029,14,2000
2495841,14,2000
2508103,14,2000
2509942,14,2010
2515882,14,2000
2517403,15,2000
2517606,14,2000
2518402,8,1980
2526137,14,2010
2527840,14,2000
2528416,8,2010
2532578,8,2000
2534053,14,2000
2540309,15,2010
2564904,6,2010
2571020,17,2010
2571333,14,2010
2575506,14,2000
2577357,14,2000
2577980,14,2000
2593754,14,2010
2595668,14,2010
2596970,18,1990
2619843,15,2010
2620029,14,2000
2640328,8,2000
2641312,14,2010
2649123,8,2000
2660270,15,2010
2674420,6,2010
2681783,14,2000
2684665,14,2010
2690165,6,2010
2701931,6,2010
2702854,6,2010
2729330,8,2010
2732005,14,2010
2739175,15,2000
2742344,14,2010
2744416,6,2010
2754189,14,2010
2759830,14,2000
2775792,15,2010
2784799,14,2010
2786685,14,2010
2795282,6,2010
2795896,15,2010
2800003,14,2010
2802154,14,2000
2802487,8,2010
2806733,15,2010
2811293,14,2000
2823663,15,2000
2824778,14,2000
2825107,15,2010
2831504,14,2000
2841398,14,2010
2854537,14,2010
2854547,14,2010
2855520,14,2000
2869578,14,2010
2872922,14,2000
2877943,14,2010
2877945,8,2010
2895189,7,2010
2899881,8,1990
2921660,14,2010
2923522,14,2010
2939023,14,2010
2940524,14,2010
2942900,6,2010
2948162,6,2000
2986022,14,2000
2991317,14,2000
2995915,14,2010
2996996,15,2010
2999777,14,2010
3007613,14,2010
3018423,14,2000
3020237,8,2010
3043787,15,2010
3044549,8,2010
3045620,15,2010
3052730,14,2010
3052733,15,2000
3061665,14,2010
3064351,14,2000
3065088,15,2010
3065843,14,2010
3067310,6,2010
3068662,8,2000
3077599,15,2000
3085111,14,2010
3088724,14,2010
3101434,14,2010
3102954,14,2010
3103730,14,2010
3105903,8,2010
3115003,6,2010
3117973,14,2010
3120458,15,2010
3125793,15,2010
3139368,14,2010
3144637,14,2000
3145435,14,2000
3145706,14,2010
3145761,14,2010
3145947,14,2000
3153419,14,2010
3158075,14,2010
3171799,14,2010
3172484,14,2010
3178543,15,2010
3178979,14,2010
3180014,15,2010
3185359,14,2010
3188027,14,2010
3190264,14,2010
3200278,14,2010
3200736,15,2010
3206669,14,2000
3206766,14,2010
3210853,14,2010
3211361,14,2010
3216219,14,2010
3224219,8,2010
3226468,15,2010
3227782,15,2010
3236942,15,2010
3237096,6,2010
3239681,15,2010
3242655,15,2010
3256615,6,2000
3268224,15,2010
3271457,8,2000
3272048,14,2010
3276902,14,2010
3278115,14,2010
3288126,6,2010
3306945,8,2010
3308665,8,2010
3313123,14,2010
3314964,8,2010
3315236,6,2010
3316228,14,2010
3319054,15,2010
3323342,14,2010
3329291,14,2010
3337670,14,2000
3345212,14,2010
3347207,6,2010
3359519,15,2010
3361526,14,2010
3366296,14,2010
3370668,14,2000
3376900,14,2010
3379291,14,2000
3380137,15,2010
3381566,6,2010
3383741,14,2010
3391646,8,2010
3391937,14,2010
3392996,14,2010
3393991,14,2010
3397785,6,2010
3406269,15,2010
3407597,14,2010
3408531,14,2000
3410250,15,2010
3411865,14,2010
3413218,8,2010
3415304,15,2010
3416601,15,2010
3416819,15,2010
3420473,15,2010
3426731,14,2010
3427505,14,2010
3435164,14,2010
3441660,14,2010
3445208,14,2010
3446629,14,2010
3449693,14,2010
3451786,14,2010
3455720,6,2010
3455945,6,2000
3460695,14,2010
3462371,6,2010
3462822,14,2010
3462983,14,2010
3469567,14,2010
3474187,14,2010
3474579,14,2010
3475903,14,2010
3477547,14,2010
3480388,12,2010
3486253,6,2010
3506278,15,2010
3511314,15,2010
3513172,6,2010
3523590,8,2010
3535210,15,2010
3539434,6,2010
3559122,15,2010
3567510,6,2010
3606027,15,2010
3632715,14,2010
3637248,14,2010
3639618,14,2010
3659356,14,2010
3661296,8,2010
3661738,14,2010
3670556,15,2010
